rating,pid,image_type,image_id
-2,1,modified,374
-2,1,modified,192
1,1,modified,48
1,1,modified,64
2,1,real,804
-2,1,modified,391
-2,1,real,1679
-1,1,modified,184
-1,1,real,1624
-2,1,modified,228
-1,1,modified,42
1,1,real,2704
2,1,real,2209
-2,1,modified,342
-2,1,modified,9
2,1,real,2763
2,1,real,848
-2,1,modified,32
1,1,modified,414
1,1,modified,41
1,1,real,3
2,1,modified,311
-1,1,modified,384
-1,1,modified,130
-1,1,real,1230
-1,1,real,1554
2,1,real,766
-2,1,modified,135
1,1,real,1724
1,1,real,1840
-1,1,modified,98
-2,1,modified,296
2,1,real,1804
2,1,real,1602
-2,1,modified,66
1,1,modified,306
-2,1,modified,115
-2,1,real,1843
2,1,real,1440
-2,1,modified,189
-1,1,modified,72
1,1,real,1780
-2,1,modified,141
-2,1,modified,6
1,1,modified,65
1,1,real,1064
-2,1,modified,154
-1,1,real,2799
-1,1,modified,305
-1,1,real,120
-2,1,modified,161
-1,1,real,2703
1,1,real,2667
1,1,real,1274
-2,1,modified,236
-1,1,modified,120
-2,1,modified,131
-1,1,real,587
-2,1,real,2084
1,1,modified,406
1,1,real,1640
1,1,real,2176
-2,1,real,2143
-2,1,modified,174
-1,1,modified,166
-1,1,modified,88
-2,1,real,2101
-1,1,modified,233
-1,1,real,1901
1,1,real,2785
-2,1,real,449
1,1,real,2132
1,1,modified,216
-1,1,real,106
1,1,modified,280
1,1,real,2214
-1,1,modified,133
-2,1,modified,151
-1,1,real,651
-1,1,real,88
1,1,real,411
1,1,real,1829
-1,1,real,2339
1,1,real,463
-1,1,real,2443
1,1,real,1638
-2,1,real,1855
1,1,modified,322
1,1,modified,94
1,1,modified,63
1,1,real,785
-1,1,real,2240
2,1,real,1408
1,1,real,1548
-1,1,modified,16
-1,1,modified,312
1,1,modified,177
1,1,modified,45
-1,1,real,2741
-1,1,modified,262
-1,2,modified,5505
-1,2,real,1370
-2,2,modified,5555
-1,2,real,1461
-2,2,modified,5428
-2,2,modified,5648
1,2,real,1226
2,2,real,1196
-1,2,real,495
1,2,modified,5440
-1,2,real,383
0,2,modified,5587
0,2,real,1234
-2,2,modified,5416
2,2,real,2603
1,2,modified,5605
-2,2,modified,5517
0,2,real,141
-1,2,modified,5549
1,2,real,2624
-1,2,modified,5559
-2,2,modified,5433
1,2,real,2093
0,2,real,793
0,2,real,2550
-2,2,modified,5572
2,2,real,1482
1,2,real,2233
0,2,modified,5514
1,2,real,748
1,2,real,762
-1,2,real,31
1,2,modified,5558
-2,2,real,2163
0,2,real,1353
-1,2,real,146
-2,2,modified,5551
-2,2,modified,5548
-1,2,real,2894
-1,2,modified,5488
-1,2,real,790
-2,2,modified,5593
1,2,real,1154
-2,2,modified,5469
-2,2,modified,5522
-1,2,real,2788
0,2,modified,5500
1,2,real,39
-2,2,modified,5554
-1,2,real,271
-1,2,real,1056
1,2,real,871
-2,2,modified,5495
-2,2,modified,5617
2,2,real,480
-2,2,modified,5470
1,2,real,783
1,2,real,678
1,2,real,2493
0,2,modified,5511
1,2,real,1983
-2,2,modified,5608
0,2,real,2940
-2,2,modified,5601
-2,2,modified,5525
-2,2,modified,5530
-1,2,modified,5613
0,2,real,2653
-1,2,modified,5501
0,2,real,1718
-2,2,modified,5589
1,2,real,10
-1,2,modified,5491
1,2,real,2307
-2,2,modified,5438
-2,2,modified,5445
-2,2,modified,5515
0,2,real,507
0,2,modified,5547
1,2,modified,5426
2,2,real,1536
0,2,modified,5415
-2,2,modified,5611
-1,2,real,2181
1,2,real,1698
-2,2,modified,5512
-1,2,real,2778
-1,2,real,1845
-1,2,modified,5473
-1,2,modified,5609
-2,2,modified,5535
0,2,real,1110
-2,2,modified,5513
0,2,real,1297
-2,2,modified,5449
1,2,real,644
1,2,real,1048
0,2,modified,5439
0,2,modified,5631
1,2,real,224
2,3,modified,5577
2,3,real,598
-2,3,modified,5636
2,3,real,1026
-2,3,modified,5593
-2,3,real,333
2,3,modified,5481
2,3,modified,5592
-2,3,modified,5446
2,3,real,2134
2,3,real,1424
2,3,real,2231
1,3,modified,5621
2,3,real,1733
-2,3,real,2010
2,3,real,1643
-2,3,modified,5448
-2,3,modified,5482
-2,3,modified,5510
2,3,real,2910
1,3,real,1280
-1,3,real,434
2,3,real,299
1,3,real,2686
-2,3,modified,5606
2,3,modified,5602
1,3,modified,5533
-1,3,real,540
-1,3,modified,5531
2,3,real,2817
-2,3,modified,5574
2,3,modified,5548
1,3,real,2528
2,3,modified,5596
2,3,modified,5600
-2,3,real,144
-1,3,modified,5609
2,3,real,2601
1,3,modified,5594
2,3,real,810
-1,3,real,2125
2,3,modified,5654
2,3,real,2887
-1,3,real,635
2,3,real,1936
-2,3,real,1097
2,3,real,2266
1,3,real,670
-2,3,real,2023
2,3,real,1475
2,3,modified,5472
1,3,real,2656
-2,3,modified,5584
-1,3,real,2502
2,3,modified,5641
2,3,modified,5564
-2,3,modified,5457
-2,3,modified,5580
-1,3,modified,5423
2,3,modified,5645
-1,3,real,2721
1,3,modified,5519
2,3,real,2692
-2,3,modified,5522
1,3,modified,5604
-2,3,real,51
2,3,modified,5451
2,3,real,1525
-2,3,real,123
2,3,modified,5453
2,3,modified,5486
2,3,modified,5455
-2,3,modified,5649
-2,3,real,1035
1,3,real,1683
2,3,modified,5500
2,3,modified,5573
1,3,real,37
2,3,real,2797
2,3,real,2007
2,3,real,1983
2,3,real,1699
-2,3,real,2948
2,3,modified,5571
2,3,modified,5613
2,3,real,1382
0,3,modified,5552
2,3,modified,5581
-1,3,modified,5575
2,3,modified,5560
2,3,modified,5625
2,3,real,1718
-2,3,modified,5607
2,3,real,309
2,3,modified,5529
2,3,modified,5631
2,3,real,2794
2,3,modified,5585
2,3,real,2635
2,3,real,1548
-2,4,modified,5614
-1,4,modified,5591
2,4,real,1387
-1,4,modified,5498
2,4,real,2508
-1,4,modified,5637
-1,4,modified,5422
2,4,real,240
-2,4,real,2532
2,4,modified,5472
-1,4,modified,5570
1,4,modified,5607
2,4,real,2459
2,4,real,1447
1,4,real,1821
2,4,modified,5639
1,4,real,516
1,4,real,1254
-2,4,modified,5626
-2,4,real,2161
-1,4,modified,5622
2,4,real,163
-1,4,modified,5611
2,4,real,13
2,4,real,622
1,4,modified,5559
1,4,real,2047
-2,4,modified,5627
2,4,real,2279
-2,4,real,765
1,4,modified,5597
1,4,real,2312
-2,4,real,2437
1,4,real,727
2,4,real,1425
-1,4,modified,5574
2,4,real,1079
-2,4,real,58
2,4,modified,5442
2,4,real,1176
-2,4,real,2376
-1,4,real,1128
-2,4,modified,5470
2,4,modified,5575
1,4,real,1484
-1,4,modified,5598
-2,4,modified,5638
2,4,real,806
-2,4,real,50
-2,4,modified,5561
-1,4,modified,5569
-1,4,modified,5579
2,4,real,1669
-1,4,modified,5646
-2,4,modified,5471
-1,4,modified,5612
-2,4,modified,5584
1,4,modified,5448
2,4,real,1510
-2,4,modified,5605
-1,4,modified,5465
1,4,modified,5528
-2,4,real,385
-2,4,real,425
-1,4,real,1477
-2,4,real,2187
-2,4,modified,5554
2,4,modified,5440
2,4,modified,5486
-1,4,modified,5508
-2,4,real,2237
2,4,modified,5502
1,4,modified,5548
-2,4,real,1181
-2,4,modified,5522
1,4,real,590
1,4,real,1543
-2,4,modified,5414
-2,4,real,1014
-1,4,modified,5456
-1,4,real,2481
-2,4,modified,5545
-2,4,real,1146
-2,4,real,2195
1,4,modified,5573
2,4,real,2102
-2,4,real,1381
-2,4,real,26
2,4,modified,5418
-2,4,real,537
-2,4,modified,5482
-2,4,real,608
-2,4,modified,5583
2,4,modified,5467
2,4,real,2853
-2,4,real,835
-2,4,modified,5428
-1,4,modified,5444
2,4,real,505
-1,4,modified,5645
-2,5,modified,5499
1,5,modified,5477
1,5,modified,5481
-1,5,modified,5432
2,5,modified,5579
-1,5,modified,5653
-2,5,real,902
-2,5,modified,5434
2,5,real,1776
-1,5,modified,5508
2,5,real,2566
-2,5,modified,5461
-2,5,modified,5614
1,5,real,2024
2,5,real,2158
2,5,real,2042
-1,5,real,2287
-2,5,real,1699
-1,5,modified,5450
-2,5,modified,5643
-2,5,modified,5497
1,5,real,2609
1,5,modified,5526
-2,5,real,991
-1,5,modified,5509
2,5,real,2760
2,5,real,2486
-2,5,real,1315
1,5,real,173
2,5,real,2230
-2,5,modified,5424
2,5,modified,5511
2,5,real,2356
-1,5,real,246
1,5,modified,5549
-1,5,real,1094
-1,5,modified,5596
-2,5,modified,5568
1,5,modified,5430
-1,5,modified,5517
1,5,real,809
2,5,real,2057
2,5,modified,5617
1,5,modified,5431
2,5,real,1420
-2,5,modified,5563
1,5,real,379
-2,5,modified,5554
-1,5,real,581
2,5,real,1455
1,5,real,26
-2,5,modified,5501
2,5,real,2177
1,5,modified,5613
1,5,real,1514
2,5,real,2372
1,5,modified,5638
2,5,real,443
2,5,real,1032
1,5,modified,5426
2,5,real,2510
-1,5,modified,5577
-2,5,modified,5557
2,5,real,2834
2,5,real,2142
2,5,real,1608
-2,5,modified,5590
2,5,real,2788
-2,5,modified,5429
1,5,real,1569
-2,5,modified,5422
2,5,real,556
2,5,modified,5608
-2,5,modified,5636
2,5,real,268
-2,5,modified,5442
-1,5,modified,5462
2,5,real,2706
-2,5,modified,5441
2,5,modified,5415
2,5,modified,5625
2,5,real,822
1,5,modified,5504
1,5,real,677
2,5,real,2
-1,5,modified,5538
2,5,real,737
-1,5,modified,5611
-2,5,modified,5495
-1,5,real,1254
-2,5,modified,5510
-1,5,modified,5470
1,5,real,1126
1,5,real,2523
1,5,modified,5588
2,5,real,2535
1,5,real,1066
2,5,real,2547
-1,5,modified,5500
-1,5,real,2211
0,6,modified,5430
0,6,real,352
0,6,real,1544
2,6,modified,5479
0,6,real,2384
2,6,real,658
-1,6,modified,5600
2,6,modified,5531
-2,6,modified,5578
0,6,real,1278
1,6,real,1741
-2,6,modified,5559
1,6,real,459
2,6,real,2032
-2,6,modified,5499
2,6,real,2582
2,6,real,2262
2,6,real,2207
0,6,modified,5561
-2,6,modified,5545
2,6,real,2759
-1,6,modified,5460
-2,6,modified,5566
2,6,modified,5535
-2,6,modified,5648
2,6,real,1609
-2,6,modified,5574
2,6,real,153
2,6,real,2777
0,6,real,1794
2,6,real,1742
-1,6,modified,5494
-2,6,real,1733
1,6,real,1500
-2,6,real,378
-2,6,modified,5615
-1,6,modified,5466
-2,6,real,1894
0,6,modified,5523
-2,6,modified,5436
-2,6,modified,5602
1,6,modified,5542
-1,6,real,2327
2,6,real,241
1,6,modified,5511
1,6,modified,5560
0,6,real,1791
-1,6,modified,5493
1,6,real,1531
2,6,real,2959
2,6,real,2417
2,6,real,462
0,6,modified,5419
0,6,modified,5431
2,6,real,383
-2,6,modified,5510
-2,6,real,2709
1,6,real,1241
2,6,real,885
-2,6,modified,5637
-2,6,modified,5650
1,6,real,1539
-2,6,modified,5539
-1,6,real,905
-2,6,modified,5538
-2,6,real,2390
-1,6,modified,5581
1,6,modified,5504
1,6,modified,5532
-1,6,modified,5476
1,6,modified,5496
2,6,modified,5626
2,6,real,2120
0,6,modified,5513
2,6,real,99
2,6,real,1863
2,6,real,413
1,6,real,1760
-2,6,modified,5541
-2,6,modified,5458
-1,6,modified,5448
-1,6,modified,5547
-2,6,modified,5611
1,6,modified,5558
2,6,real,13
2,6,modified,5591
1,6,real,875
2,6,real,2638
0,6,real,150
1,6,modified,5627
0,6,real,337
1,6,real,2741
-1,6,real,405
-2,6,modified,5606
1,6,real,2892
-1,6,modified,5498
1,6,real,1127
-1,6,modified,5508
2,6,real,948
1,6,modified,5484
-2,7,modified,5518
-1,7,real,2360
1,7,modified,5632
2,7,real,1603
2,7,real,616
-2,7,real,115
-2,7,modified,5445
1,7,real,581
-2,7,modified,5618
2,7,real,491
-2,7,real,2145
2,7,real,1130
2,7,real,666
-2,7,modified,5424
1,7,real,1330
-1,7,modified,5608
2,7,real,1272
-1,7,real,2320
-2,7,modified,5452
-2,7,modified,5562
1,7,modified,5558
-2,7,real,936
-1,7,real,2599
2,7,real,2051
-2,7,modified,5464
2,7,modified,5484
-1,7,modified,5583
-2,7,real,1305
2,7,modified,5486
1,7,modified,5645
-2,7,real,2239
1,7,modified,5598
2,7,real,2531
2,7,real,231
1,7,modified,5509
-2,7,real,2488
2,7,modified,5455
-2,7,real,8
1,7,real,2007
-2,7,modified,5604
-1,7,modified,5620
2,7,modified,5550
-2,7,modified,5504
2,7,real,2273
2,7,modified,5575
-1,7,modified,5435
-2,7,real,1785
1,7,modified,5544
2,7,real,726
2,7,modified,5477
2,7,modified,5468
-1,7,modified,5561
0,7,modified,5641
2,7,real,939
2,7,real,2292
1,7,modified,5636
2,7,real,31
1,7,real,514
2,7,real,2637
-2,7,modified,5458
0,7,modified,5519
2,7,modified,5502
2,7,real,57
-1,7,real,1662
-2,7,real,333
2,7,modified,5570
-2,7,modified,5439
2,7,real,1617
1,7,real,1095
-2,7,modified,5555
1,7,modified,5470
2,7,real,1447
2,7,modified,5540
-2,7,modified,5471
2,7,modified,5475
-2,7,modified,5436
2,7,real,2896
0,7,modified,5516
1,7,real,150
1,7,real,2336
2,7,real,554
2,7,real,1244
2,7,real,459
2,7,real,2746
-1,7,modified,5525
-2,7,modified,5607
2,7,modified,5640
2,7,real,1215
2,7,real,129
2,7,modified,5473
2,7,real,2310
-2,7,real,2177
-1,7,modified,5586
0,7,real,212
2,7,real,1865
-2,7,modified,5457
2,7,modified,5573
-2,7,modified,5565
2,7,modified,5600
2,7,real,1946
-2,8,modified,5418
1,8,real,926
1,8,real,621
-1,8,modified,5493
1,8,real,668
-1,8,real,2615
1,8,real,909
-2,8,modified,5449
-2,8,modified,5433
-2,8,modified,5538
1,8,real,2313
-1,8,real,2468
-2,8,modified,5544
-2,8,modified,5464
1,8,real,1861
0,8,modified,5459
1,8,modified,5447
-2,8,modified,5512
1,8,real,2356
-2,8,modified,5576
1,8,modified,5588
1,8,real,1031
-1,8,modified,5637
2,8,modified,5501
2,8,real,497
-1,8,real,2392
-2,8,modified,5466
-2,8,modified,5556
-2,8,modified,5639
1,8,modified,5638
-2,8,modified,5645
1,8,modified,5561
-2,8,modified,5602
-2,8,real,2503
-1,8,real,161
-2,8,real,2264
1,8,real,1035
1,8,real,2797
-2,8,modified,5522
-1,8,modified,5635
1,8,real,1637
1,8,real,1107
1,8,real,995
-2,8,modified,5560
2,8,real,672
-1,8,real,2780
-2,8,modified,5446
-2,8,real,59
1,8,real,1172
-2,8,real,701
-2,8,modified,5507
-2,8,modified,5470
-2,8,modified,5497
-2,8,modified,5632
1,8,real,1527
-1,8,real,1610
1,8,modified,5511
1,8,real,2258
-1,8,modified,5543
1,8,modified,5479
-2,8,modified,5593
-2,8,modified,5642
1,8,real,2333
2,8,real,1957
1,8,modified,5651
-2,8,modified,5435
-2,8,real,2920
-2,8,modified,5460
-2,8,real,1666
1,8,real,2590
1,8,real,1579
1,8,modified,5422
1,8,real,2239
-1,8,modified,5445
-1,8,modified,5484
1,8,modified,5613
1,8,real,2028
-2,8,modified,5534
-1,8,real,809
1,8,real,2449
-1,8,real,912
-1,8,real,1190
-1,8,real,2111
1,8,modified,5500
-2,8,modified,5506
-2,8,real,396
1,8,real,2209
-1,8,real,277
2,8,real,1550
-1,8,modified,5517
-2,8,modified,5427
1,8,real,2423
1,8,real,1384
1,8,real,1275
-2,8,modified,5643
-2,8,modified,5584
-2,8,modified,5523
-2,8,modified,5530
1,8,real,1632
-2,8,real,1044
1,9,modified,5474
2,9,real,545
1,9,modified,5420
-1,9,modified,5445
-1,9,real,254
1,9,real,595
-2,9,modified,5636
-2,9,real,1045
2,9,real,2446
1,9,real,2842
-2,9,real,2241
2,9,modified,5473
-1,9,modified,5529
2,9,modified,5496
-2,9,modified,5613
2,9,modified,5475
1,9,real,2706
2,9,real,2784
-2,9,modified,5485
-1,9,modified,5432
1,9,modified,5654
-2,9,modified,5441
-1,9,modified,5619
2,9,modified,5564
-2,9,real,2813
2,9,real,1824
2,9,modified,5415
2,9,modified,5560
-2,9,modified,5507
1,9,real,2525
2,9,modified,5603
2,9,modified,5554
-1,9,real,1246
1,9,real,2123
1,9,modified,5491
-2,9,modified,5649
1,9,modified,5429
-2,9,modified,5479
-2,9,real,1087
-2,9,real,1313
1,9,modified,5476
1,9,modified,5551
1,9,real,2669
-2,9,real,673
-1,9,real,953
1,9,modified,5506
-2,9,real,1683
1,9,real,36
1,9,real,1266
-2,9,modified,5544
1,9,real,1551
1,9,real,163
1,9,real,662
-1,9,modified,5419
-1,9,modified,5481
-2,9,real,2005
2,9,real,2191
1,9,modified,5509
-2,9,real,271
1,9,modified,5631
2,9,real,656
2,9,modified,5525
-2,9,real,1891
-2,9,real,1344
-2,9,real,420
-1,9,real,1064
1,9,real,170
-2,9,modified,5650
-2,9,real,1845
1,9,modified,5494
1,9,modified,5533
1,9,real,1498
1,9,real,2966
-2,9,real,2297
1,9,modified,5472
-2,9,modified,5627
-2,9,real,1077
1,9,real,1471
-2,9,modified,5592
-2,9,modified,5585
1,9,real,2036
-1,9,modified,5643
1,9,modified,5477
2,9,modified,5464
-2,9,modified,5416
2,9,modified,5553
-2,9,real,1315
-2,9,real,2941
-2,9,modified,5641
-2,9,modified,5584
2,9,real,1388
2,9,real,1265
2,9,real,2721
-2,9,real,2795
1,9,real,632
-2,9,modified,5596
-2,9,real,929
-1,9,modified,5516
1,9,modified,5504
1,9,real,637
-1,10,modified,5434
1,10,real,1800
-1,10,modified,5500
-2,10,modified,5567
-2,10,modified,5537
-2,10,real,423
-2,10,real,75
-1,10,modified,5461
-1,10,modified,5476
-2,10,real,899
-2,10,modified,5650
-2,10,real,84
-2,10,modified,5564
1,10,real,2348
-1,10,modified,5640
2,10,real,2400
-2,10,real,338
-1,10,real,839
-2,10,modified,5609
-1,10,modified,5532
2,10,real,1355
-1,10,modified,5546
2,10,real,746
-2,10,modified,5503
-1,10,modified,5451
1,10,real,1164
1,10,real,1683
-2,10,modified,5639
-2,10,modified,5645
-2,10,modified,5480
-2,10,modified,5597
-2,10,modified,5488
1,10,real,1592
1,10,real,1098
-2,10,modified,5622
-2,10,modified,5646
-2,10,modified,5603
0,10,real,2632
1,10,real,786
-1,10,real,275
1,10,real,1372
-2,10,real,70
1,10,real,1057
-2,10,real,1076
-2,10,real,533
-2,10,real,1654
1,10,real,2187
2,10,real,2928
-2,10,modified,5481
2,10,real,2277
-1,10,modified,5491
1,10,modified,5447
1,10,modified,5647
1,10,modified,5427
-1,10,real,283
-1,10,modified,5628
1,10,real,1638
-2,10,modified,5538
-2,10,modified,5435
2,10,real,2467
-1,10,real,2636
-1,10,modified,5633
-2,10,modified,5565
-1,10,modified,5618
1,10,modified,5558
-1,10,modified,5417
-2,10,real,1299
-2,10,real,224
-2,10,real,2274
-2,10,modified,5632
-1,10,real,877
-1,10,modified,5587
1,10,real,1257
2,10,modified,5486
-2,10,modified,5524
-1,10,real,1788
1,10,real,92
-2,10,real,2314
-1,10,modified,5595
1,10,modified,5627
-1,10,modified,5535
-2,10,real,351
-2,10,modified,5534
1,10,real,840
1,10,modified,5553
-2,10,modified,5454
1,10,real,2233
-2,10,modified,5566
1,10,real,835
2,10,real,2676
-1,10,modified,5472
-2,10,modified,5439
1,10,modified,5437
-1,10,real,1765
1,10,real,2609
1,10,real,1117
1,10,real,1268
-1,10,real,90
1,10,modified,5484
2,10,real,2798
-2,11,modified,5533
1,11,real,1871
-2,11,modified,5464
-1,11,real,1232
-2,11,modified,5469
0,11,modified,5605
1,11,modified,5486
1,11,real,1995
2,11,real,590
0,11,modified,5580
1,11,real,2769
-1,11,modified,5569
-2,11,modified,5535
-1,11,modified,5613
1,11,modified,5529
1,11,real,2708
0,11,real,226
1,11,modified,5431
-2,11,modified,5555
2,11,real,127
0,11,modified,5603
-1,11,real,341
-2,11,modified,5502
1,11,modified,5487
-1,11,modified,5622
0,11,real,956
1,11,modified,5532
-2,11,modified,5592
2,11,real,605
-2,11,modified,5510
-2,11,modified,5650
-2,11,modified,5616
-1,11,real,895
-1,11,real,1156
-1,11,modified,5449
0,11,modified,5440
-1,11,modified,5600
1,11,real,162
1,11,real,2752
1,11,modified,5550
1,11,real,67
-1,11,modified,5637
0,11,real,253
-2,11,modified,5538
1,11,real,2456
1,11,modified,5437
1,11,real,1449
0,11,modified,5517
2,11,real,316
1,11,modified,5473
-2,11,modified,5442
-2,11,modified,5619
0,11,real,1893
-1,11,modified,5651
2,11,real,499
-1,11,real,958
-1,11,modified,5551
1,11,modified,5484
0,11,real,1101
0,11,real,351
-1,11,modified,5582
-2,11,modified,5495
-1,11,modified,5507
-1,11,modified,5624
2,11,real,739
-1,11,real,1948
1,11,real,526
1,11,real,1560
-1,11,modified,5478
1,11,real,2612
-2,11,real,1804
-2,11,modified,5565
-1,11,modified,5476
1,11,real,1271
2,11,real,1874
2,11,real,2293
1,11,real,2668
0,11,modified,5573
0,11,real,955
1,11,real,2297
-1,11,modified,5501
-1,11,real,82
-2,11,modified,5454
-1,11,modified,5455
-2,11,modified,5597
0,11,real,1965
1,11,real,1299
1,11,real,2890
0,11,modified,5488
1,11,real,519
1,11,real,379
1,11,real,391
0,11,real,2256
1,11,real,2245
2,11,real,2127
-2,11,modified,5429
-2,11,modified,5628
1,11,real,1811
1,11,real,598
-1,11,real,2131
2,12,real,566
-1,12,modified,5520
0,12,modified,5631
1,12,modified,5517
2,12,modified,5448
-2,12,modified,5626
2,12,real,2721
-2,12,modified,5636
-2,12,modified,5512
1,12,modified,5481
1,12,modified,5478
2,12,real,2666
-2,12,modified,5574
1,12,real,191
2,12,real,2291
2,12,real,1517
2,12,real,979
1,12,real,1535
-1,12,real,62
2,12,real,1739
2,12,real,3
2,12,real,705
2,12,real,2359
2,12,real,2814
1,12,real,2253
1,12,modified,5423
2,12,real,609
2,12,real,739
2,12,real,2851
2,12,real,556
2,12,real,2057
2,12,modified,5463
-2,12,modified,5634
-2,12,modified,5609
2,12,modified,5453
0,12,modified,5602
2,12,real,239
-1,12,modified,5648
2,12,modified,5514
-2,12,modified,5649
2,12,real,2531
-2,12,modified,5480
2,12,real,513
-2,12,modified,5572
-2,12,real,2089
1,12,modified,5537
2,12,real,1940
2,12,real,2675
2,12,real,2820
-1,12,modified,5640
-1,12,modified,5533
1,12,modified,5519
1,12,modified,5601
-2,12,real,297
1,12,real,1297
-2,12,modified,5479
-2,12,modified,5446
1,12,modified,5431
1,12,modified,5451
-2,12,modified,5458
2,12,real,2032
2,12,real,564
2,12,real,2176
-2,12,modified,5438
-2,12,modified,5619
-2,12,modified,5556
2,12,real,1478
1,12,real,2152
-2,12,modified,5590
2,12,real,1276
-1,12,real,503
-1,12,real,335
-1,12,modified,5650
1,12,real,1336
-1,12,modified,5529
1,12,real,1096
-2,12,modified,5461
2,12,real,2891
2,12,real,2910
2,12,real,622
2,12,real,1153
-2,12,modified,5441
-2,12,modified,5531
2,12,real,1973
-1,12,modified,5427
-2,12,modified,5522
2,12,real,1611
-2,12,modified,5629
-2,12,modified,5617
2,12,real,313
-1,12,modified,5576
2,12,real,1063
2,12,real,2600
-1,12,modified,5499
-1,12,modified,5548
2,12,modified,5486
2,12,modified,5561
-2,12,modified,5462
2,12,real,1774
2,12,real,783
1,13,modified,5501
1,13,real,2821
1,13,real,674
-2,13,modified,5436
-1,13,real,2645
-2,13,modified,5552
1,13,modified,5535
-2,13,modified,5593
0,13,real,168
-1,13,modified,5435
1,13,real,397
0,13,real,1624
1,13,modified,5615
-2,13,modified,5606
1,13,real,1348
-1,13,real,1553
-2,13,modified,5576
-2,13,modified,5633
-1,13,modified,5414
-2,13,real,861
1,13,real,2080
-1,13,modified,5541
1,13,real,267
1,13,modified,5453
2,13,real,891
0,13,modified,5539
1,13,modified,5483
1,13,real,1641
-1,13,modified,5579
-2,13,modified,5458
0,13,modified,5474
1,13,modified,5500
1,13,real,2408
-1,13,modified,5427
0,13,modified,5650
-1,13,real,1193
-2,13,modified,5512
-1,13,modified,5513
-1,13,real,2149
1,13,real,1703
2,13,real,2671
1,13,real,1199
-1,13,modified,5504
0,13,modified,5430
1,13,modified,5588
1,13,modified,5496
2,13,real,2853
-2,13,real,1403
1,13,real,2058
0,13,modified,5497
2,13,real,156
-1,13,modified,5604
2,13,real,778
0,13,modified,5641
2,13,real,367
1,13,real,1739
-1,13,real,431
2,13,real,2524
1,13,real,737
1,13,real,2877
-1,13,modified,5631
0,13,modified,5642
0,13,modified,5566
-1,13,modified,5505
-1,13,real,2074
1,13,real,47
2,13,real,1588
-1,13,modified,5525
0,13,modified,5610
1,13,real,2107
2,13,real,782
-1,13,modified,5439
1,13,modified,5624
-2,13,modified,5616
-1,13,modified,5585
0,13,real,1881
1,13,modified,5591
-1,13,real,1904
-2,13,real,825
2,13,modified,5638
2,13,modified,5540
1,13,modified,5561
1,13,real,596
1,13,real,2577
1,13,real,1180
1,13,real,262
0,13,modified,5478
-2,13,modified,5594
1,13,real,368
1,13,real,2062
-2,13,real,2528
-1,13,real,2484
1,13,real,2220
-1,13,modified,5419
-1,13,real,583
-1,13,modified,5520
1,13,real,95
1,13,real,1740
0,13,modified,5416
1,13,modified,5639
-2,14,real,1120
-1,14,modified,5511
0,14,real,2080
-1,14,modified,5502
0,14,modified,5534
-1,14,modified,5473
0,14,real,1317
-1,14,modified,5496
-1,14,modified,5566
-2,14,modified,5506
0,14,real,2439
-1,14,modified,5581
1,14,real,2135
0,14,modified,5518
-1,14,real,1387
1,14,modified,5556
-2,14,modified,5652
0,14,real,1432
0,14,modified,5526
2,14,real,2395
-2,14,modified,5522
-1,14,modified,5546
0,14,real,2249
-1,14,modified,5422
0,14,modified,5500
2,14,real,497
1,14,real,1465
-1,14,modified,5551
2,14,real,942
2,14,real,1913
0,14,modified,5559
-1,14,real,690
-2,14,modified,5647
-2,14,real,533
-1,14,modified,5641
0,14,modified,5520
-1,14,real,398
1,14,real,2610
-1,14,real,2361
0,14,modified,5479
-1,14,modified,5639
2,14,real,2821
-1,14,modified,5548
0,14,modified,5545
2,14,real,107
1,14,modified,5523
0,14,modified,5521
2,14,real,1816
2,14,real,566
1,14,real,929
-2,14,modified,5433
0,14,real,2205
-2,14,modified,5480
-2,14,modified,5503
0,14,modified,5611
-1,14,modified,5453
-1,14,modified,5618
-2,14,modified,5629
1,14,modified,5624
2,14,real,2742
-1,14,real,1919
-1,14,real,338
0,14,real,2725
-2,14,real,1131
-1,14,real,2457
-2,14,modified,5628
0,14,modified,5528
1,14,real,1854
-1,14,real,1982
2,14,real,2123
2,14,real,2063
-2,14,real,709
-1,14,real,2497
1,14,real,642
2,14,real,2949
1,14,real,2928
-1,14,real,258
0,14,real,784
-2,14,modified,5434
-2,14,modified,5570
-1,14,modified,5600
-1,14,modified,5542
0,14,modified,5632
1,14,modified,5494
-2,14,real,1904
0,14,real,808
1,14,real,1408
-2,14,modified,5495
1,14,real,1377
-1,14,modified,5464
-1,14,real,879
0,14,real,815
-2,14,modified,5507
-2,14,modified,5585
-2,14,modified,5508
-2,14,modified,5584
-1,14,real,550
0,14,real,1290
1,14,modified,5532
2,14,real,2833
1,15,real,1065
2,15,real,239
-2,15,real,2145
1,15,real,2859
-2,15,modified,5572
0,15,modified,5425
-2,15,modified,5449
-1,15,real,140
1,15,modified,5447
-1,15,real,2412
1,15,modified,5605
2,15,modified,5451
2,15,modified,5532
-1,15,real,1421
1,15,real,766
2,15,real,633
1,15,modified,5484
-2,15,modified,5517
1,15,modified,5563
0,15,real,381
1,15,real,1539
-2,15,real,556
0,15,modified,5570
-2,15,modified,5609
-1,15,real,551
1,15,modified,5471
0,15,real,153
-2,15,modified,5584
-2,15,real,2901
-2,15,real,895
1,15,real,409
0,15,real,15
-1,15,modified,5648
1,15,real,2593
2,15,real,1889
1,15,real,2518
0,15,modified,5422
-2,15,modified,5552
1,15,modified,5571
-1,15,real,2857
-2,15,modified,5533
-1,15,real,1000
0,15,modified,5639
-1,15,modified,5578
0,15,modified,5545
1,15,real,2783
1,15,real,126
1,15,real,663
-2,15,modified,5416
-1,15,modified,5616
-2,15,real,1059
1,15,modified,5529
-1,15,real,1787
-2,15,real,1940
-1,15,modified,5585
0,15,real,2379
1,15,real,300
-1,15,real,2151
0,15,modified,5646
1,15,modified,5445
-2,15,real,622
-1,15,modified,5556
-1,15,real,2944
2,15,real,715
-1,15,real,2165
2,15,real,2191
-2,15,modified,5643
0,15,modified,5426
1,15,real,2733
-2,15,modified,5632
1,15,real,1385
0,15,real,638
1,15,real,2176
-2,15,modified,5515
-2,15,modified,5652
-2,15,real,1640
0,15,modified,5456
-1,15,real,1379
1,15,real,739
1,15,real,271
0,15,modified,5549
1,15,real,2036
-1,15,modified,5628
0,15,modified,5653
1,15,real,2590
-1,15,real,2795
-2,15,modified,5506
-1,15,real,2731
-2,15,modified,5473
-1,15,modified,5576
1,15,modified,5627
1,15,real,2070
-1,15,modified,5450
-1,15,modified,5597
-2,15,modified,5620
1,15,modified,5534
-2,15,modified,5580
-1,15,modified,5498
-2,15,modified,5640
-1,15,modified,5541
0,16,modified,5462
-1,16,modified,5466
0,16,real,35
1,16,modified,5486
1,16,modified,5498
1,16,real,2522
-2,16,real,2730
0,16,modified,5455
1,16,real,2965
2,16,real,1637
1,16,real,2465
-1,16,real,1854
1,16,modified,5548
-1,16,real,675
-1,16,modified,5595
1,16,modified,5577
0,16,real,166
1,16,modified,5541
2,16,real,719
-1,16,modified,5459
1,16,real,618
1,16,modified,5505
2,16,real,2437
0,16,modified,5467
-2,16,real,2866
-1,16,real,429
1,16,real,2837
1,16,modified,5525
1,16,real,358
1,16,real,1443
0,16,modified,5634
0,16,real,1393
1,16,real,1300
0,16,modified,5549
0,16,modified,5463
1,16,real,2262
0,16,real,2086
1,16,real,150
-1,16,modified,5480
-2,16,modified,5436
-1,16,modified,5610
0,16,real,2119
-1,16,modified,5605
1,16,modified,5642
1,16,real,1541
1,16,real,2431
-1,16,modified,5483
0,16,modified,5600
1,16,real,1791
-1,16,modified,5419
1,16,real,1098
1,16,real,807
-1,16,modified,5442
2,16,real,1442
1,16,modified,5638
-1,16,modified,5612
-1,16,modified,5573
2,16,real,2096
1,16,real,2576
-1,16,modified,5507
1,16,real,2290
-2,16,real,440
2,16,real,1270
-2,16,modified,5495
0,16,real,570
-2,16,modified,5614
-2,16,modified,5490
2,16,real,1439
0,16,modified,5561
-1,16,modified,5492
0,16,real,947
-1,16,real,177
-2,16,modified,5482
-1,16,modified,5520
1,16,real,1546
-1,16,modified,5421
1,16,modified,5654
-1,16,real,2386
-1,16,real,587
-1,16,real,211
1,16,modified,5426
-1,16,modified,5550
2,16,real,1986
2,16,real,65
0,16,modified,5448
-1,16,modified,5543
0,16,real,349
-1,16,modified,5489
0,16,modified,5472
-2,16,real,1863
0,16,modified,5646
0,16,real,594
1,16,real,359
-1,16,modified,5563
1,16,modified,5473
1,16,real,1572
-1,16,real,2623
-1,16,modified,5523
-2,16,modified,5454
-1,16,modified,5453
-1,17,modified,5427
-1,17,modified,5484
1,17,real,590
-1,17,modified,5547
1,17,real,1774
-1,17,modified,5477
-2,17,real,1604
-1,17,real,690
-2,17,modified,5452
1,17,modified,5430
-2,17,modified,5515
1,17,modified,5535
-1,17,modified,5629
-1,17,modified,5612
1,17,modified,5573
1,17,real,295
2,17,real,2840
-1,17,modified,5416
2,17,real,1659
2,17,real,1501
-2,17,modified,5567
2,17,modified,5563
1,17,modified,5600
1,17,real,753
1,17,real,1495
-1,17,modified,5545
2,17,real,1730
1,17,modified,5500
-2,17,modified,5634
1,17,real,2475
0,17,modified,5509
2,17,real,1400
1,17,real,2464
2,17,real,2233
-1,17,modified,5553
-2,17,real,1518
2,17,real,574
-1,17,modified,5610
-1,17,modified,5505
1,17,real,1322
1,17,real,749
-2,17,modified,5447
2,17,real,2343
-2,17,modified,5506
0,17,real,2541
1,17,modified,5511
-1,17,modified,5632
-2,17,modified,5461
-1,17,real,2825
1,17,real,2224
1,17,real,3
0,17,modified,5639
1,17,real,2668
-2,17,modified,5467
1,17,real,255
2,17,real,2641
-2,17,modified,5631
-1,17,modified,5521
1,17,real,931
1,17,real,2511
1,17,real,6
-2,17,modified,5644
-1,17,real,2900
2,17,real,1918
1,17,real,1886
1,17,modified,5576
-1,17,modified,5464
-2,17,modified,5446
1,17,modified,5465
-1,17,real,1687
1,17,real,2483
2,17,real,30
-2,17,modified,5441
-1,17,modified,5417
1,17,real,705
-1,17,real,374
2,17,real,1241
-1,17,modified,5609
-1,17,real,709
0,17,modified,5635
-1,17,modified,5574
2,17,real,2142
-1,17,modified,5499
1,17,modified,5571
-1,17,modified,5549
-1,17,real,969
1,17,real,1508
-1,17,modified,5451
-2,17,real,261
1,17,real,1363
-1,17,modified,5507
1,17,real,1764
1,17,real,1053
-2,17,modified,5414
0,17,modified,5558
-1,17,modified,5594
1,17,real,2243
1,17,real,2204
-1,17,modified,5618
2,17,real,2165
-2,18,modified,5470
-2,18,modified,5414
2,18,real,2269
-2,18,modified,5498
1,18,modified,5653
2,18,real,1035
1,18,modified,5568
-2,18,modified,5606
2,18,real,2810
-2,18,modified,5476
-2,18,modified,5435
1,18,real,1732
-2,18,modified,5637
0,18,real,222
0,18,modified,5519
1,18,real,2236
1,18,real,2890
-2,18,modified,5417
2,18,real,2020
2,18,real,1894
1,18,real,534
2,18,real,507
2,18,real,2075
-2,18,modified,5584
2,18,real,2365
2,18,real,179
2,18,real,315
1,18,real,817
-1,18,modified,5598
2,18,real,1805
-1,18,modified,5604
2,18,real,947
2,18,real,1675
1,18,modified,5486
2,18,real,465
1,18,real,1826
2,18,real,906
1,18,modified,5447
2,18,real,383
2,18,real,2022
0,18,modified,5448
-2,18,modified,5524
2,18,real,2318
2,18,real,117
2,18,modified,5514
-1,18,modified,5570
2,18,real,826
-2,18,modified,5441
2,18,modified,5575
2,18,real,133
-2,18,modified,5609
-2,18,modified,5648
2,18,real,950
-2,18,modified,5601
-1,18,modified,5639
2,18,real,202
-2,18,modified,5515
-2,18,modified,5444
-2,18,modified,5578
1,18,modified,5625
2,18,real,2047
2,18,modified,5585
2,18,real,1282
0,18,modified,5490
2,18,real,975
-2,18,modified,5525
0,18,modified,5460
2,18,real,1519
-2,18,modified,5496
-2,18,modified,5536
1,18,real,1019
2,18,real,738
2,18,real,475
1,18,real,2356
-1,18,real,2633
0,18,modified,5505
0,18,real,1297
1,18,modified,5488
0,18,real,2538
0,18,real,1819
2,18,real,182
0,18,modified,5439
2,18,real,1415
0,18,modified,5491
-1,18,modified,5532
1,18,modified,5624
-1,18,modified,5479
1,18,modified,5588
-2,18,modified,5506
0,18,real,500
2,18,real,939
-1,18,modified,5640
-2,18,modified,5473
-2,18,modified,5652
1,18,real,2447
2,18,real,2340
-2,18,modified,5619
2,18,real,880
2,18,real,422
0,18,modified,5559
-1,19,real,1112
-2,19,modified,5454
1,19,modified,5420
-1,19,modified,5618
2,19,modified,5624
2,19,real,2338
2,19,real,707
2,19,modified,5581
2,19,real,1
2,19,real,2559
1,19,real,2871
2,19,modified,5550
-1,19,modified,5429
-2,19,modified,5552
1,19,real,499
-1,19,modified,5482
1,19,modified,5538
1,19,real,2681
2,19,modified,5561
-2,19,modified,5522
-2,19,modified,5493
-1,19,modified,5448
2,19,real,966
1,19,modified,5530
-1,19,modified,5584
-1,19,modified,5646
-2,19,modified,5647
1,19,modified,5450
1,19,modified,5492
-1,19,real,1254
1,19,real,853
-2,19,modified,5495
-2,19,modified,5518
-1,19,modified,5570
-1,19,modified,5594
1,19,real,1632
-1,19,modified,5630
1,19,modified,5545
2,19,real,1042
2,19,real,255
-1,19,modified,5586
1,19,real,2179
-1,19,modified,5519
2,19,real,1544
1,19,real,2280
1,19,real,439
1,19,real,2076
-2,19,modified,5513
1,19,real,2914
1,19,real,1769
2,19,real,1000
-1,19,modified,5564
-1,19,modified,5543
-2,19,real,1473
2,19,real,123
-2,19,modified,5444
-2,19,modified,5446
-1,19,modified,5540
1,19,real,1989
-1,19,modified,5486
2,19,real,1095
-2,19,modified,5478
-1,19,modified,5477
-2,19,modified,5467
2,19,real,2012
1,19,real,1036
2,19,real,1012
2,19,real,1585
-2,19,modified,5590
-1,19,real,200
-1,19,real,198
1,19,modified,5569
1,19,real,1877
-1,19,real,1138
1,19,modified,5544
1,19,real,2949
-1,19,modified,5453
-1,19,modified,5578
-2,19,modified,5536
2,19,real,562
-1,19,real,1039
-2,19,real,230
2,19,real,1256
1,19,modified,5582
-1,19,real,1770
-2,19,modified,5456
1,19,real,2425
2,19,real,2401
-2,19,modified,5580
-2,19,real,744
1,19,real,1241
-2,19,modified,5485
1,19,real,2308
1,19,real,2201
1,19,real,1211
-1,19,modified,5585
1,19,modified,5484
2,19,real,2342
1,19,real,1377
-1,19,real,2913
0,20,real,299
1,20,real,2496
1,20,real,2957
1,20,real,1586
1,20,modified,5439
1,20,real,2846
1,20,real,999
1,20,modified,5445
1,20,modified,5475
1,20,real,597
1,20,modified,5466
-1,20,modified,5498
1,20,real,622
1,20,modified,5596
1,20,real,2873
1,20,modified,5428
1,20,real,2814
1,20,modified,5605
1,20,real,297
1,20,real,1208
1,20,modified,5607
2,20,modified,5479
1,20,modified,5611
1,20,real,2434
-1,20,modified,5597
0,20,real,1947
1,20,real,2605
1,20,modified,5424
1,20,modified,5651
1,20,modified,5481
1,20,real,1359
1,20,real,948
1,20,modified,5490
1,20,real,2432
-1,20,modified,5436
0,20,modified,5432
1,20,modified,5430
1,20,real,2441
1,20,real,2192
1,20,real,1779
1,20,modified,5562
1,20,real,1141
1,20,modified,5583
1,20,real,89
1,20,modified,5434
1,20,modified,5418
1,20,modified,5652
1,20,real,922
0,20,modified,5443
1,20,real,2377
1,20,real,1629
1,20,real,2770
1,20,modified,5499
1,20,real,1877
1,20,real,1381
1,20,modified,5459
2,20,real,962
2,20,modified,5484
1,20,modified,5641
1,20,real,839
1,20,real,1888
1,20,real,2554
2,20,real,1585
1,20,modified,5478
1,20,real,1466
1,20,modified,5539
1,20,real,247
1,20,modified,5628
1,20,modified,5558
1,20,modified,5594
1,20,modified,5512
1,20,modified,5553
1,20,real,216
-1,20,modified,5458
0,20,modified,5584
1,20,real,1739
0,20,modified,5650
1,20,real,1120
1,20,real,2960
1,20,modified,5535
1,20,real,1317
1,20,real,990
1,20,modified,5537
1,20,real,1322
-1,20,modified,5540
0,20,modified,5505
-1,20,modified,5464
2,20,real,708
2,20,real,1092
2,20,real,2340
2,20,real,1566
1,20,real,2062
-1,20,modified,5480
0,20,modified,5621
1,20,real,2243
1,20,modified,5414
1,20,real,2085
1,20,modified,5504
1,20,modified,5533
0,20,modified,5635
1,21,real,188
-1,21,modified,5602
2,21,real,1293
-1,21,real,2893
1,21,real,1365
-2,21,modified,5442
-2,21,real,1665
1,21,real,1852
-1,21,modified,5632
1,21,real,1610
1,21,real,2357
-2,21,modified,5576
1,21,modified,5579
1,21,modified,5475
-1,21,modified,5479
1,21,real,2192
2,21,real,1245
1,21,real,1772
2,21,real,2081
2,21,real,921
1,21,modified,5437
-2,21,modified,5502
1,21,real,57
2,21,real,2182
1,21,real,2159
-2,21,modified,5537
-2,21,modified,5560
-2,21,modified,5618
-2,21,modified,5646
-1,21,modified,5529
-1,21,modified,5547
-1,21,real,2873
1,21,modified,5492
2,21,real,2335
-1,21,modified,5474
2,21,real,1703
-1,21,modified,5508
-2,21,modified,5626
1,21,modified,5638
2,21,real,113
-1,21,modified,5617
2,21,modified,5588
2,21,modified,5539
-1,21,modified,5546
2,21,real,2137
-2,21,modified,5506
-2,21,real,2094
2,21,real,962
1,21,real,2193
-2,21,modified,5458
1,21,real,361
1,21,real,1683
1,21,real,2289
1,21,real,1819
-2,21,modified,5420
2,21,real,541
1,21,modified,5559
-2,21,modified,5603
-2,21,modified,5565
-1,21,modified,5512
1,21,real,1648
2,21,real,2231
2,21,real,1973
1,21,real,1535
1,21,real,429
-1,21,modified,5428
1,21,real,2216
1,21,real,494
-2,21,modified,5446
-2,21,modified,5616
-1,21,modified,5463
2,21,real,2379
-2,21,modified,5497
-2,21,modified,5580
2,21,real,427
-2,21,modified,5629
1,21,real,1395
0,21,modified,5566
2,21,real,303
-1,21,modified,5423
1,21,modified,5488
-2,21,modified,5467
-1,21,modified,5453
2,21,real,307
-1,21,real,2406
-1,21,modified,5440
1,21,real,2483
1,21,real,317
-1,21,real,1965
1,21,real,2147
1,21,real,2346
-2,21,modified,5528
1,21,modified,5635
2,21,modified,5525
1,21,real,1125
-1,21,modified,5452
1,21,modified,5625
2,21,real,2786
1,21,modified,5575
1,21,real,566
-2,22,modified,5628
-2,22,modified,5486
1,22,real,1234
2,22,real,2072
-1,22,modified,5646
1,22,modified,5622
-1,22,modified,5490
1,22,modified,5633
0,22,modified,5476
1,22,modified,5419
2,22,real,1771
2,22,modified,5562
1,22,modified,5512
-1,22,modified,5492
2,22,real,2537
1,22,real,1906
1,22,modified,5471
2,22,real,1763
1,22,modified,5455
-1,22,real,1381
-1,22,modified,5439
-2,22,real,1131
-2,22,real,1236
-2,22,real,537
-2,22,modified,5616
2,22,real,515
1,22,modified,5431
0,22,modified,5542
1,22,real,358
-1,22,modified,5452
-1,22,modified,5510
0,22,modified,5626
2,22,real,2061
-2,22,modified,5606
2,22,real,1241
-1,22,modified,5574
1,22,modified,5577
2,22,real,1000
-2,22,real,2800
0,22,modified,5449
-1,22,modified,5520
1,22,modified,5514
0,22,modified,5598
-1,22,real,1774
2,22,real,113
-2,22,modified,5609
1,22,real,2204
1,22,modified,5440
2,22,real,1677
2,22,real,2670
2,22,real,1744
-2,22,modified,5522
1,22,modified,5534
1,22,real,1094
2,22,real,1226
2,22,real,8
0,22,real,1903
-1,22,modified,5640
-1,22,modified,5639
-2,22,modified,5652
1,22,real,1777
2,22,real,1996
2,22,real,2647
2,22,real,2757
2,22,real,972
2,22,real,294
1,22,real,2439
1,22,real,918
1,22,modified,5621
2,22,real,2872
-1,22,modified,5423
-1,22,modified,5544
2,22,real,1832
2,22,real,1973
-2,22,modified,5430
-1,22,real,284
2,22,real,2914
2,22,real,1908
-2,22,modified,5483
-1,22,modified,5548
1,22,modified,5414
-1,22,real,1140
2,22,real,930
2,22,real,2663
1,22,real,2370
-2,22,modified,5597
0,22,modified,5525
2,22,real,150
2,22,real,2133
1,22,real,2639
1,22,modified,5479
-1,22,modified,5438
-2,22,modified,5433
-1,22,real,1775
-1,22,modified,5608
2,22,real,1120
-1,22,modified,5650
-1,22,modified,5516
0,22,modified,5519
1,22,real,983
2,23,real,2265
-2,23,modified,5590
-1,23,modified,5450
1,23,real,1582
-1,23,modified,5492
1,23,real,2550
-2,23,modified,5541
-1,23,modified,5652
1,23,real,830
2,23,real,288
-1,23,real,1971
1,23,modified,5558
-1,23,real,350
2,23,real,1702
2,23,real,1633
1,23,real,2663
-2,23,real,2514
2,23,real,1795
1,23,real,1277
2,23,real,232
-1,23,modified,5601
1,23,real,512
-2,23,modified,5491
-2,23,real,213
-1,23,real,1244
1,23,modified,5562
1,23,real,1346
-1,23,modified,5422
2,23,real,471
2,23,real,1823
2,23,real,2752
-1,23,modified,5539
1,23,modified,5564
-1,23,modified,5423
-1,23,modified,5416
1,23,real,639
1,23,real,2727
0,23,real,2421
1,23,real,2319
1,23,real,803
-1,23,modified,5612
-1,23,modified,5479
-2,23,modified,5432
1,23,modified,5505
1,23,real,891
-2,23,modified,5442
1,23,real,1710
-1,23,modified,5569
1,23,real,1762
-1,23,modified,5543
1,23,modified,5484
1,23,modified,5577
-2,23,modified,5649
-1,23,real,647
1,23,real,2729
-2,23,modified,5607
-1,23,modified,5453
1,23,real,2072
2,23,real,2226
1,23,modified,5535
-2,23,modified,5428
1,23,real,979
-2,23,real,120
1,23,real,1986
-2,23,modified,5637
-2,23,real,2394
-2,23,modified,5445
-1,23,real,306
0,23,modified,5477
1,23,real,1129
-1,23,modified,5523
2,23,real,1580
-1,23,modified,5654
-1,23,modified,5486
2,23,real,1703
1,23,real,157
-2,23,modified,5528
-1,23,modified,5431
-1,23,modified,5563
1,23,real,81
1,23,real,2757
-2,23,modified,5458
-1,23,modified,5625
-1,23,modified,5556
-2,23,modified,5446
-2,23,modified,5579
-1,23,modified,5560
-2,23,modified,5589
1,23,modified,5483
-2,23,modified,5480
1,23,real,433
-1,23,real,1172
-2,23,modified,5610
-1,23,real,2341
-1,23,modified,5567
-1,23,modified,5438
-1,23,real,654
1,23,modified,5544
1,23,real,1474
1,23,real,718
1,24,real,1244
1,24,real,1935
-1,24,modified,5592
1,24,real,1668
1,24,real,437
1,24,modified,5474
1,24,modified,5621
1,24,real,975
1,24,real,925
1,24,modified,5491
1,24,real,2133
-1,24,modified,5525
1,24,real,1082
-1,24,real,2554
-1,24,modified,5462
1,24,modified,5557
1,24,modified,5475
1,24,modified,5437
-1,24,modified,5598
-2,24,modified,5436
1,24,real,2224
-1,24,real,596
-2,24,modified,5495
-2,24,modified,5572
-1,24,modified,5586
2,24,real,2786
-1,24,modified,5634
1,24,modified,5455
1,24,real,2815
-1,24,modified,5620
1,24,real,1819
1,24,real,482
1,24,modified,5537
1,24,modified,5569
-1,24,modified,5470
1,24,real,2124
1,24,real,2681
1,24,real,1382
1,24,modified,5498
1,24,real,1693
1,24,real,2476
-2,24,modified,5589
1,24,real,1740
1,24,modified,5613
-1,24,modified,5421
1,24,modified,5516
1,24,modified,5604
1,24,real,521
-2,24,modified,5513
1,24,real,2564
1,24,real,2410
1,24,modified,5425
1,24,real,453
-1,24,modified,5574
-1,24,real,2482
1,24,modified,5641
1,24,real,1664
-1,24,modified,5636
1,24,modified,5450
-1,24,real,922
1,24,modified,5439
1,24,real,706
-1,24,modified,5430
-1,24,modified,5542
1,24,real,2663
-2,24,modified,5524
-1,24,real,1745
-1,24,real,413
1,24,modified,5418
1,24,real,1653
1,24,modified,5556
1,24,real,546
1,24,real,57
1,24,real,782
1,24,real,1675
1,24,real,1775
1,24,real,1872
1,24,modified,5519
-1,24,real,2520
1,24,real,325
1,24,real,2620
-1,24,modified,5427
1,24,real,998
-1,24,modified,5532
1,24,modified,5627
-1,24,modified,5480
-1,24,modified,5554
-1,24,modified,5453
1,24,modified,5419
1,24,real,2456
1,24,real,1601
1,24,real,787
1,24,real,2182
1,24,modified,5583
1,24,modified,5607
1,24,real,2779
-1,24,modified,5610
1,24,modified,5505
1,24,real,1316
1,24,real,2458
2,25,real,482
1,25,real,579
-1,25,modified,5548
2,25,real,1821
-2,25,real,2483
-1,25,modified,5615
2,25,real,518
1,25,modified,5521
-2,25,modified,5632
0,25,modified,5498
-1,25,modified,5540
-2,25,modified,5470
1,25,modified,5562
1,25,modified,5475
-2,25,modified,5593
1,25,real,624
-2,25,modified,5441
1,25,real,1154
-2,25,real,2184
1,25,real,2399
-2,25,modified,5601
-1,25,modified,5520
-2,25,modified,5510
1,25,real,2368
2,25,real,2497
-2,25,real,1787
-2,25,real,121
2,25,modified,5546
1,25,real,870
1,25,modified,5569
-2,25,real,1011
-2,25,modified,5466
-1,25,real,2635
-2,25,modified,5488
-2,25,real,565
-1,25,modified,5550
-1,25,real,116
2,25,real,881
2,25,real,2544
-2,25,modified,5499
1,25,modified,5487
1,25,real,1417
-2,25,modified,5492
-1,25,modified,5512
-2,25,modified,5505
1,25,real,629
-1,25,real,189
1,25,real,1430
-1,25,modified,5526
-1,25,real,1835
-1,25,real,191
-2,25,modified,5504
1,25,modified,5511
-1,25,modified,5452
-2,25,modified,5501
1,25,real,1965
2,25,real,2272
2,25,real,2127
-1,25,real,200
1,25,modified,5640
2,25,real,229
1,25,real,1144
-2,25,real,2939
-2,25,modified,5429
-1,25,modified,5543
-2,25,modified,5442
-1,25,modified,5495
-2,25,modified,5574
1,25,real,313
-1,25,real,373
-2,25,modified,5649
2,25,real,1647
-2,25,modified,5522
0,25,modified,5645
-1,25,real,362
-1,25,modified,5423
1,25,real,2086
2,25,real,2268
1,25,modified,5453
-2,25,modified,5513
-1,25,modified,5626
0,25,modified,5447
2,25,real,2503
1,25,real,1202
-2,25,modified,5464
-1,25,real,2386
2,25,real,1040
-2,25,real,440
-1,25,modified,5581
2,25,real,1969
-1,25,real,1791
-1,25,modified,5608
-2,25,real,2823
-2,25,modified,5523
-2,25,modified,5635
1,25,real,2946
-2,25,modified,5616
-2,25,real,1499
-1,25,real,2427
1,25,modified,5473
1,26,modified,5535
1,26,real,2400
-1,26,modified,5484
1,26,real,2038
0,26,real,1557
1,26,real,2913
1,26,real,153
-1,26,modified,5639
0,26,modified,5448
1,26,real,2293
0,26,modified,5529
1,26,real,2631
0,26,modified,5518
-1,26,modified,5531
0,26,modified,5485
0,26,real,948
1,26,real,2474
1,26,modified,5418
0,26,real,1743
1,26,modified,5547
-1,26,real,2500
1,26,real,1421
0,26,modified,5457
0,26,modified,5456
1,26,real,842
1,26,real,2408
1,26,real,1533
-1,26,real,2692
0,26,real,1485
0,26,modified,5634
1,26,real,245
0,26,real,1565
1,26,real,1336
0,26,modified,5421
-1,26,modified,5597
0,26,modified,5550
0,26,modified,5567
-1,26,modified,5521
0,26,modified,5558
1,26,real,553
0,26,modified,5608
0,26,modified,5503
0,26,modified,5513
-1,26,real,222
0,26,real,1835
-1,26,modified,5420
-2,26,modified,5469
-1,26,modified,5526
1,26,real,2648
-1,26,modified,5650
1,26,modified,5615
1,26,real,2925
0,26,real,218
1,26,real,2543
-1,26,real,1552
-2,26,modified,5555
0,26,real,873
0,26,real,2667
1,26,modified,5501
-1,26,real,709
-2,26,modified,5589
-1,26,modified,5481
-1,26,real,179
-2,26,modified,5429
-1,26,modified,5573
0,26,modified,5604
1,26,real,2720
1,26,real,547
0,26,real,2066
1,26,real,2649
0,26,modified,5561
-1,26,real,2224
0,26,real,1701
-1,26,modified,5613
1,26,real,1800
-1,26,modified,5433
-2,26,modified,5649
1,26,real,2523
0,26,modified,5596
-1,26,real,793
-1,26,modified,5623
0,26,modified,5537
0,26,real,1100
-1,26,real,2321
-1,26,modified,5620
0,26,modified,5570
1,26,real,2889
1,26,real,1138
1,26,real,822
0,26,modified,5575
0,26,modified,5530
1,26,real,2207
-1,26,modified,5488
0,26,real,1326
-1,26,modified,5593
1,26,real,476
1,26,real,600
0,26,modified,5582
-1,26,modified,5651
0,26,modified,5500
1,27,real,2134
2,27,modified,5623
-1,27,real,864
-2,27,modified,5518
1,27,real,177
-1,27,modified,5539
-2,27,modified,5431
1,27,real,239
-1,27,modified,5613
-2,27,real,267
2,27,modified,5445
-2,27,real,946
1,27,modified,5552
2,27,real,1917
2,27,real,2414
2,27,modified,5553
0,27,modified,5506
-2,27,modified,5590
-2,27,modified,5421
-1,27,real,2824
2,27,real,1563
-2,27,modified,5555
-1,27,real,2740
0,27,real,1801
1,27,modified,5494
2,27,real,480
-2,27,modified,5589
2,27,real,2292
1,27,modified,5529
-2,27,modified,5441
-2,27,modified,5650
-1,27,real,900
-1,27,modified,5423
-2,27,real,1956
0,27,modified,5419
2,27,real,1350
2,27,real,2392
-2,27,modified,5591
-2,27,modified,5497
-2,27,real,1023
-2,27,modified,5505
2,27,real,2000
2,27,real,1677
-1,27,real,779
0,27,real,2955
-2,27,real,1158
-2,27,real,2853
1,27,real,2275
1,27,real,1942
2,27,real,2629
1,27,real,2733
-1,27,real,821
1,27,real,812
1,27,real,1885
-2,27,modified,5514
-2,27,real,1943
-2,27,modified,5647
-2,27,modified,5461
-2,27,modified,5438
1,27,modified,5624
-1,27,real,2894
-2,27,modified,5593
-2,27,real,2636
-2,27,real,2644
0,27,modified,5440
-2,27,real,872
0,27,modified,5503
1,27,real,891
-2,27,modified,5570
-2,27,modified,5538
-1,27,modified,5558
-2,27,modified,5485
-2,27,real,518
1,27,modified,5500
1,27,real,1238
-1,27,real,534
-2,27,real,244
2,27,real,2572
0,27,modified,5452
-1,27,modified,5476
1,27,modified,5474
0,27,modified,5653
-2,27,modified,5480
-2,27,modified,5652
-2,27,modified,5491
1,27,real,1471
-1,27,modified,5424
-2,27,real,1694
-2,27,real,958
-2,27,modified,5448
-2,27,modified,5632
2,27,real,2459
0,27,real,1084
-2,27,real,1925
1,27,modified,5427
-1,27,modified,5426
0,27,modified,5594
-1,27,modified,5645
-2,27,modified,5603
2,27,real,2464
-2,28,modified,5643
-1,28,real,2662
-1,28,real,1569
1,28,modified,5528
1,28,modified,5509
0,28,modified,5624
1,28,modified,5558
1,28,real,826
2,28,modified,5645
1,28,real,1740
-1,28,modified,5607
1,28,modified,5549
0,28,modified,5561
2,28,real,1562
-2,28,modified,5502
-1,28,real,1538
0,28,modified,5602
1,28,modified,5473
1,28,real,1375
-1,28,modified,5433
1,28,modified,5497
-1,28,real,2326
1,28,real,427
-1,28,modified,5505
-2,28,real,435
1,28,real,1527
1,28,real,457
-1,28,real,1664
2,28,modified,5569
-1,28,real,2808
-2,28,real,1340
1,28,modified,5576
1,28,real,1495
-1,28,real,998
0,28,modified,5598
1,28,real,108
-2,28,modified,5593
-2,28,modified,5600
-1,28,real,2928
-2,28,modified,5594
-2,28,modified,5635
1,28,modified,5583
1,28,real,1219
1,28,real,1729
1,28,real,1627
0,28,real,116
-1,28,real,243
-1,28,modified,5605
2,28,real,713
1,28,modified,5575
-1,28,real,2117
1,28,real,727
-2,28,real,335
1,28,modified,5500
-1,28,modified,5443
1,28,real,2718
-2,28,modified,5551
1,28,real,2876
-1,28,modified,5597
1,28,modified,5574
1,28,real,2256
0,28,modified,5591
1,28,modified,5542
0,28,modified,5415
1,28,modified,5548
-2,28,modified,5476
-2,28,real,356
-2,28,modified,5629
0,28,real,2793
-1,28,real,1453
2,28,real,2083
-1,28,modified,5430
1,28,real,1987
-1,28,real,1551
0,28,real,1134
-2,28,modified,5436
-2,28,modified,5619
-1,28,real,2803
2,28,real,2284
-1,28,modified,5547
1,28,modified,5608
1,28,modified,5468
2,28,real,2548
0,28,modified,5613
1,28,modified,5615
1,28,real,2012
0,28,real,1207
-2,28,modified,5634
-1,28,modified,5648
-2,28,modified,5541
-1,28,real,2880
0,28,modified,5556
-1,28,real,2464
2,28,real,1655
1,28,modified,5519
-1,28,real,221
1,28,real,2742
-2,28,real,2722
1,28,real,192
0,28,modified,5459
-1,29,real,500
2,29,real,2860
1,29,real,2633
1,29,real,2267
2,29,real,1975
2,29,real,2054
0,29,real,1240
-2,29,modified,5605
-1,29,modified,5526
-1,29,real,760
-2,29,real,225
-1,29,modified,5602
0,29,real,153
-1,29,modified,5481
2,29,real,383
2,29,real,1398
1,29,real,426
-1,29,modified,5650
-2,29,real,950
-2,29,modified,5451
1,29,modified,5553
-2,29,real,1009
2,29,modified,5576
-2,29,modified,5512
-2,29,real,1612
1,29,real,1348
-1,29,modified,5470
2,29,real,1763
-1,29,modified,5440
2,29,real,2740
-2,29,modified,5486
2,29,real,718
-1,29,real,2645
-1,29,modified,5612
2,29,real,1822
-2,29,modified,5458
2,29,modified,5502
-2,29,real,10
-1,29,modified,5448
-2,29,real,420
0,29,modified,5517
0,29,real,164
1,29,modified,5654
-1,29,modified,5474
2,29,modified,5496
2,29,modified,5577
2,29,real,2471
2,29,real,2078
2,29,modified,5651
1,29,real,2376
-1,29,modified,5534
2,29,real,2952
2,29,real,2208
2,29,modified,5511
-2,29,modified,5592
2,29,real,1875
-2,29,modified,5443
-1,29,modified,5533
1,29,modified,5567
-2,29,real,380
-2,29,modified,5568
0,29,real,2583
0,29,modified,5601
1,29,real,361
-1,29,modified,5452
-2,29,modified,5647
1,29,real,656
-2,29,modified,5556
-2,29,modified,5646
-2,29,modified,5463
-2,29,real,937
2,29,modified,5623
-2,29,modified,5636
-2,29,real,2550
-2,29,modified,5575
2,29,real,495
-2,29,real,402
-2,29,modified,5488
2,29,real,1563
-2,29,real,270
-2,29,real,1058
-2,29,modified,5629
-2,29,modified,5593
-1,29,modified,5480
1,29,real,2734
-2,29,modified,5551
-2,29,real,143
-2,29,modified,5549
1,29,real,2018
-2,29,real,2461
-2,29,modified,5552
-2,29,real,106
1,29,real,1342
0,29,modified,5450
-2,29,modified,5544
-1,29,modified,5572
-2,29,real,255
1,29,modified,5508
-2,29,real,1911
2,29,modified,5415
-1,30,modified,5491
-2,30,modified,5589
1,30,real,418
1,30,real,1190
-2,30,real,2720
-1,30,real,980
-2,30,modified,5648
-1,30,real,2397
0,30,modified,5553
-1,30,modified,5501
-1,30,modified,5518
-2,30,modified,5649
-1,30,modified,5503
2,30,real,1241
-2,30,modified,5446
-2,30,modified,5637
-1,30,real,1339
1,30,real,2877
1,30,real,2423
-1,30,modified,5618
-1,30,real,1999
-2,30,modified,5476
1,30,real,1878
-1,30,modified,5438
1,30,real,1750
1,30,real,1819
1,30,real,2270
-1,30,modified,5526
-2,30,real,2947
-2,30,modified,5513
1,30,real,1434
-1,30,modified,5431
1,30,real,2644
0,30,modified,5536
-2,30,modified,5441
1,30,modified,5451
1,30,real,2021
-2,30,modified,5482
-1,30,modified,5481
-1,30,modified,5600
-2,30,modified,5593
1,30,real,2414
1,30,real,2043
1,30,real,1677
1,30,real,755
-2,30,modified,5433
-1,30,modified,5645
1,30,real,504
-2,30,modified,5584
-1,30,real,1637
-1,30,real,2871
1,30,real,361
1,30,real,2352
1,30,real,155
1,30,real,878
1,30,real,576
1,30,real,1460
1,30,real,1197
-2,30,modified,5566
-1,30,real,1224
2,30,real,558
1,30,real,1512
1,30,modified,5632
1,30,real,2455
-2,30,real,2765
1,30,modified,5530
-2,30,modified,5414
-2,30,modified,5469
1,30,real,2070
1,30,real,2612
-2,30,modified,5597
-2,30,modified,5606
-2,30,modified,5528
1,30,real,2321
1,30,real,2235
-2,30,modified,5467
2,30,real,945
1,30,real,1812
1,30,real,1924
1,30,real,1151
-2,30,modified,5580
-2,30,modified,5629
-1,30,modified,5480
1,30,real,963
-1,30,modified,5434
-1,30,modified,5490
-2,30,modified,5572
1,30,real,579
-2,30,modified,5591
-2,30,modified,5474
2,30,real,1794
-1,30,modified,5547
-2,30,modified,5643
-1,30,modified,5543
-2,30,modified,5499
-2,30,modified,5549
-2,30,modified,5635
1,30,real,1658
1,30,real,1925
1,30,modified,5539
-1,31,modified,5485
-2,31,real,2805
-1,31,modified,5520
1,31,real,2465
1,31,modified,5562
-1,31,real,994
-1,31,modified,5531
1,31,real,2214
-2,31,modified,5635
1,31,real,2032
-1,31,modified,5594
1,31,modified,5632
1,31,modified,5559
-1,31,real,1471
-1,31,real,1229
1,31,modified,5473
-1,31,real,960
0,31,modified,5503
1,31,real,1797
-1,31,modified,5527
1,31,real,712
-1,31,modified,5504
1,31,real,1559
2,31,real,1647
1,31,real,2563
-2,31,modified,5446
-1,31,real,277
-1,31,modified,5629
1,31,real,985
1,31,modified,5568
-2,31,modified,5610
-1,31,modified,5414
-1,31,modified,5478
1,31,real,2209
1,31,modified,5454
-1,31,real,19
-2,31,modified,5513
1,31,real,2057
1,31,real,625
-1,31,real,512
-1,31,real,1172
1,31,real,404
-2,31,modified,5580
-1,31,real,2323
1,31,modified,5497
-1,31,modified,5437
1,31,real,324
-1,31,modified,5421
-1,31,modified,5538
-1,31,modified,5608
2,31,real,1692
1,31,real,1078
-1,31,real,2139
-1,31,modified,5433
1,31,real,2886
1,31,real,1953
0,31,modified,5472
1,31,real,1381
-1,31,real,284
1,31,real,906
1,31,real,954
1,31,real,88
-2,31,real,1449
-1,31,modified,5499
1,31,modified,5537
-1,31,real,818
-2,31,real,2083
1,31,real,2477
1,31,modified,5543
1,31,modified,5581
-1,31,modified,5647
1,31,modified,5556
1,31,modified,5492
-1,31,real,307
1,31,real,2306
-1,31,real,306
-1,31,modified,5652
1,31,modified,5586
-1,31,modified,5576
1,31,modified,5615
-1,31,modified,5620
-2,31,real,864
-1,31,real,1226
1,31,real,1789
1,31,real,79
-1,31,modified,5625
-1,31,modified,5466
1,31,real,2167
1,31,modified,5423
-1,31,modified,5468
-2,31,modified,5516
-1,31,real,2670
-1,31,modified,5444
1,31,modified,5525
1,31,real,409
-1,31,real,1332
1,31,real,2276
-1,31,modified,5554
1,31,modified,5607
1,31,modified,5603
0,32,modified,5446
1,32,real,1416
1,32,real,126
0,32,real,2499
-2,32,modified,5612
-1,32,modified,5450
1,32,modified,5594
-1,32,real,2616
0,32,real,1319
-1,32,real,1640
1,32,real,1475
2,32,real,2217
2,32,real,1083
0,32,modified,5444
-2,32,modified,5601
0,32,modified,5445
0,32,modified,5528
2,32,real,2133
2,32,real,1184
-1,32,modified,5456
-1,32,modified,5462
2,32,real,2884
2,32,modified,5455
0,32,modified,5437
2,32,real,526
0,32,modified,5561
0,32,real,1074
-2,32,modified,5469
1,32,real,156
2,32,real,635
1,32,modified,5591
1,32,modified,5421
2,32,real,559
-1,32,modified,5441
0,32,modified,5583
0,32,real,2940
-1,32,modified,5531
0,32,modified,5502
1,32,real,2150
-1,32,modified,5497
2,32,real,2885
2,32,real,2219
0,32,real,2378
0,32,real,1980
1,32,modified,5460
2,32,modified,5487
2,32,real,1638
-1,32,modified,5475
-1,32,modified,5478
1,32,real,2485
2,32,real,2147
-1,32,real,927
0,32,real,1588
0,32,modified,5492
1,32,real,1931
1,32,modified,5451
2,32,real,745
0,32,modified,5546
2,32,real,1906
1,32,real,390
0,32,real,1384
2,32,real,2129
2,32,real,704
2,32,real,1994
1,32,real,2481
1,32,modified,5494
-2,32,modified,5453
1,32,real,373
2,32,real,1960
1,32,real,2842
1,32,modified,5486
-1,32,modified,5432
2,32,real,839
-1,32,modified,5507
2,32,real,286
-2,32,modified,5533
-1,32,modified,5596
0,32,modified,5643
-2,32,modified,5590
0,32,real,744
-2,32,modified,5640
1,32,real,1314
1,32,modified,5519
2,32,modified,5496
1,32,real,964
1,32,modified,5465
0,32,modified,5582
0,32,modified,5571
0,32,modified,5473
2,32,real,2483
2,32,real,686
-1,32,modified,5634
1,32,real,291
0,32,modified,5428
0,32,modified,5608
-1,32,modified,5420
-1,32,real,439
1,32,real,722
1,32,modified,5509
0,32,modified,5567
1,33,real,540
-2,33,real,1842
-2,33,real,1177
0,33,modified,5600
-2,33,real,1992
-1,33,real,2153
1,33,real,2717
2,33,modified,5623
1,33,modified,5496
1,33,real,2352
-2,33,real,291
-1,33,modified,5492
-1,33,modified,5654
-2,33,modified,5414
2,33,modified,5548
1,33,modified,5472
0,33,modified,5630
-2,33,modified,5517
1,33,real,2447
-1,33,real,2555
-2,33,modified,5512
-2,33,modified,5642
-2,33,modified,5501
1,33,modified,5455
-1,33,real,2805
0,33,modified,5627
1,33,modified,5643
-2,33,real,2200
-2,33,modified,5445
2,33,real,1138
1,33,modified,5498
-1,33,modified,5417
-1,33,modified,5569
1,33,modified,5521
1,33,modified,5566
0,33,modified,5608
-1,33,real,1445
-2,33,modified,5589
1,33,real,1283
1,33,real,2631
-1,33,real,159
1,33,real,2222
1,33,modified,5625
-2,33,modified,5652
1,33,real,1349
-2,33,real,986
-2,33,modified,5518
0,33,modified,5493
-1,33,modified,5423
-2,33,modified,5605
-1,33,modified,5648
1,33,real,845
-2,33,modified,5617
2,33,real,2618
1,33,modified,5429
-1,33,real,337
0,33,modified,5613
-2,33,modified,5558
-2,33,real,2543
2,33,real,2401
-2,33,modified,5590
-1,33,real,870
-1,33,real,1762
-1,33,modified,5530
1,33,real,1159
0,33,real,981
-1,33,modified,5564
-2,33,modified,5551
1,33,real,2954
-2,33,modified,5543
2,33,real,2027
1,33,real,209
-1,33,real,1305
1,33,real,1139
1,33,real,1169
2,33,real,663
2,33,real,1704
0,33,real,2873
-1,33,modified,5612
-2,33,real,626
1,33,real,1183
1,33,modified,5645
-1,33,modified,5457
2,33,real,1020
-2,33,real,960
1,33,real,2833
2,33,real,607
1,33,real,275
-1,33,modified,5509
-2,33,modified,5610
-2,33,real,2097
0,33,modified,5624
-1,33,real,1172
0,33,modified,5611
1,33,modified,5448
-2,33,real,260
-1,33,real,713
-2,33,real,2113
0,33,modified,5449
-2,33,modified,5419
-1,34,modified,5465
-1,34,real,1693
-2,34,real,2447
-2,34,real,1994
2,34,real,1051
-2,34,modified,5590
-2,34,real,118
1,34,modified,5506
1,34,modified,5473
-2,34,modified,5616
-2,34,modified,5444
1,34,modified,5550
-1,34,real,145
0,34,modified,5569
-1,34,real,872
-2,34,real,1683
-2,34,real,898
-2,34,modified,5468
-2,34,real,743
-2,34,real,361
-2,34,modified,5478
-2,34,real,2704
-2,34,modified,5438
-1,34,modified,5560
-2,34,modified,5548
-1,34,real,1805
1,34,real,192
1,34,real,2650
-1,34,modified,5575
2,34,modified,5600
-2,34,modified,5446
-2,34,modified,5634
-2,34,modified,5584
-2,34,real,577
2,34,real,2451
0,34,modified,5596
-2,34,real,1219
-2,34,modified,5435
-2,34,modified,5416
1,34,real,1934
1,34,real,1267
-2,34,modified,5552
-2,34,modified,5611
-2,34,modified,5537
1,34,modified,5455
2,34,modified,5471
-2,34,real,2574
-2,34,real,1216
-2,34,real,304
-2,34,modified,5647
0,34,real,379
-1,34,real,89
1,34,modified,5528
-2,34,real,369
-2,34,modified,5566
-2,34,real,242
-2,34,modified,5617
1,34,modified,5459
-2,34,real,1959
2,34,real,1703
2,34,real,1104
-1,34,real,1166
2,34,real,2166
-2,34,modified,5568
-2,34,modified,5567
2,34,real,1273
0,34,modified,5470
-2,34,modified,5620
-2,34,modified,5447
0,34,modified,5582
1,34,real,182
0,34,modified,5511
-2,34,real,1472
-2,34,real,1530
2,34,real,1831
-1,34,real,1210
1,34,real,2803
-2,34,real,80
1,34,modified,5486
-1,34,real,1368
-1,34,modified,5450
-2,34,modified,5540
-1,34,real,2953
-2,34,real,1800
2,34,real,2218
-2,34,modified,5475
0,34,modified,5529
-2,34,modified,5572
2,34,real,1765
2,34,modified,5440
2,34,modified,5517
2,34,modified,5638
2,34,real,1700
2,34,real,1916
-1,34,modified,5619
-2,34,real,295
-2,34,modified,5551
-1,34,modified,5536
-2,34,real,225
1,34,real,1842
-2,35,modified,5510
2,35,modified,5502
2,35,real,1933
2,35,real,1610
-2,35,modified,5601
0,35,modified,5609
1,35,modified,5530
2,35,modified,5481
2,35,real,2522
2,35,real,327
-2,35,modified,5441
1,35,modified,5638
2,35,real,621
2,35,modified,5600
1,35,real,905
2,35,real,468
2,35,real,2610
1,35,modified,5634
2,35,real,2203
0,35,real,1908
0,35,modified,5642
2,35,modified,5556
2,35,real,64
2,35,real,1835
0,35,real,500
-1,35,modified,5485
0,35,modified,5577
2,35,modified,5427
2,35,real,2932
0,35,real,1385
-1,35,modified,5439
-2,35,modified,5607
2,35,real,2493
2,35,real,455
2,35,real,158
1,35,real,2808
-2,35,modified,5506
2,35,modified,5488
2,35,modified,5456
2,35,real,1456
-2,35,modified,5433
0,35,modified,5517
2,35,real,2164
-2,35,modified,5449
-2,35,modified,5442
1,35,real,817
-2,35,modified,5493
0,35,modified,5544
-2,35,modified,5592
2,35,real,1207
2,35,real,992
2,35,real,2740
-2,35,modified,5584
-1,35,modified,5447
-2,35,modified,5471
2,35,real,2
2,35,real,29
2,35,real,1448
-2,35,modified,5491
2,35,real,2434
-2,35,modified,5597
-2,35,modified,5416
-2,35,modified,5554
2,35,real,458
-2,35,modified,5652
2,35,real,760
2,35,real,2663
2,35,real,899
2,35,real,2253
-2,35,modified,5435
-1,35,modified,5553
1,35,modified,5562
2,35,real,2284
-2,35,modified,5515
2,35,real,809
2,35,real,1048
0,35,modified,5509
-1,35,modified,5508
2,35,modified,5501
2,35,real,1329
2,35,real,1428
2,35,real,2477
2,35,real,475
2,35,real,880
-2,35,real,567
2,35,real,1267
2,35,real,966
-2,35,modified,5534
-2,35,modified,5604
2,35,real,486
1,35,modified,5475
1,35,modified,5437
2,35,real,156
-1,35,modified,5636
-1,35,modified,5512
2,35,real,1883
-2,35,modified,5432
-2,35,modified,5622
1,35,real,1890
2,35,real,1720
1,36,real,1021
1,36,real,1547
-2,36,modified,5505
0,36,real,2096
0,36,modified,5548
1,36,real,739
1,36,modified,5645
2,36,real,426
1,36,real,548
1,36,real,1912
2,36,real,109
1,36,real,567
1,36,real,424
1,36,modified,5553
0,36,modified,5456
-2,36,modified,5541
-1,36,real,2503
-2,36,modified,5521
2,36,real,174
1,36,modified,5424
-1,36,real,504
-2,36,modified,5584
-1,36,modified,5476
2,36,real,814
1,36,real,2939
2,36,real,890
2,36,real,1287
2,36,real,2000
-1,36,real,1997
-2,36,modified,5572
1,36,real,1930
-2,36,modified,5531
-2,36,real,53
0,36,real,1162
-2,36,real,2479
1,36,real,2960
2,36,real,1949
-1,36,modified,5480
-2,36,modified,5443
2,36,real,77
2,36,real,1469
-1,36,modified,5578
2,36,modified,5484
-1,36,modified,5468
-2,36,modified,5649
2,36,real,2230
2,36,modified,5562
0,36,modified,5596
-1,36,modified,5421
-2,36,modified,5590
1,36,modified,5473
2,36,modified,5475
-2,36,real,439
-2,36,real,1768
-1,36,real,2442
0,36,modified,5557
1,36,real,9
2,36,real,657
1,36,real,2906
-1,36,modified,5465
-2,36,modified,5522
1,36,modified,5519
2,36,real,2535
1,36,real,2890
2,36,real,1987
1,36,modified,5646
2,36,modified,5600
-1,36,real,1793
2,36,modified,5450
1,36,real,1044
1,36,modified,5511
0,36,real,1166
1,36,real,1933
-2,36,real,791
1,36,modified,5459
-1,36,modified,5580
1,36,modified,5449
-1,36,modified,5576
2,36,real,1570
2,36,modified,5624
-2,36,modified,5555
1,36,real,312
1,36,real,2098
1,36,modified,5418
-1,36,real,550
2,36,modified,5550
1,36,real,76
-2,36,modified,5485
-2,36,modified,5614
2,36,real,1368
1,36,modified,5568
-1,36,modified,5650
1,36,modified,5633
1,36,modified,5451
-1,36,real,1490
-2,36,modified,5458
1,36,modified,5542
1,36,modified,5581
0,36,real,1617
-1,36,modified,5615
2,37,modified,5647
2,37,real,155
1,37,modified,5628
2,37,real,1182
2,37,real,2125
2,37,real,2260
-1,37,modified,5538
-2,37,modified,5648
1,37,modified,5512
-2,37,modified,5469
1,37,real,1028
2,37,modified,5573
2,37,real,2110
2,37,real,795
-2,37,real,2590
2,37,modified,5525
2,37,modified,5526
2,37,real,2134
2,37,real,849
-2,37,modified,5510
0,37,modified,5472
2,37,real,2300
1,37,modified,5646
2,37,real,1126
-1,37,modified,5554
1,37,modified,5468
1,37,real,183
1,37,modified,5528
2,37,modified,5550
2,37,real,2572
2,37,modified,5619
2,37,real,2368
1,37,modified,5598
-1,37,modified,5482
1,37,real,815
2,37,real,549
2,37,real,979
2,37,real,1102
-1,37,modified,5490
1,37,real,548
2,37,real,2303
1,37,modified,5569
2,37,real,2932
2,37,real,1473
2,37,real,30
1,37,modified,5425
1,37,modified,5453
1,37,modified,5504
0,37,modified,5454
2,37,real,1988
-2,37,modified,5617
2,37,real,1673
2,37,real,2205
2,37,modified,5609
-1,37,modified,5506
2,37,real,2162
2,37,real,1762
-2,37,modified,5629
2,37,real,2744
2,37,real,2571
0,37,modified,5537
-2,37,modified,5441
2,37,real,756
2,37,real,1953
2,37,modified,5434
2,37,real,169
1,37,modified,5630
2,37,real,125
-2,37,modified,5616
-2,37,real,1411
1,37,real,1086
2,37,modified,5544
-2,37,modified,5584
2,37,modified,5511
2,37,real,1645
2,37,real,728
-2,37,modified,5626
-2,37,real,577
2,37,real,1447
2,37,real,1712
1,37,modified,5507
-2,37,modified,5620
1,37,modified,5502
-2,37,real,2522
2,37,real,2761
-2,37,modified,5439
-2,37,modified,5462
1,37,real,128
-2,37,modified,5457
-2,37,modified,5634
2,37,modified,5592
2,37,modified,5624
1,37,real,2430
2,37,real,2654
2,37,real,482
2,37,real,148
-2,37,modified,5516
2,37,modified,5600
2,37,real,2234
-1,37,modified,5560
-2,38,modified,5524
-1,38,modified,5446
-1,38,real,2725
-1,38,modified,5588
-1,38,modified,5638
-2,38,modified,5414
-1,38,real,384
1,38,real,417
-2,38,modified,5649
-1,38,modified,5574
1,38,modified,5617
2,38,real,2676
2,38,real,1436
1,38,real,2405
-1,38,real,83
1,38,modified,5455
-2,38,real,1257
-1,38,modified,5531
1,38,modified,5473
1,38,modified,5514
2,38,real,2723
-1,38,modified,5592
-1,38,modified,5559
1,38,modified,5481
-2,38,modified,5482
1,38,modified,5492
1,38,real,57
1,38,modified,5602
2,38,real,584
-1,38,real,254
2,38,real,1770
-2,38,real,1648
-1,38,real,241
-2,38,modified,5580
-1,38,modified,5448
1,38,real,501
-2,38,real,451
-1,38,modified,5623
1,38,real,2321
-1,38,modified,5632
2,38,real,2789
1,38,modified,5504
2,38,real,622
1,38,real,1916
1,38,modified,5535
-1,38,modified,5467
-1,38,real,1570
2,38,real,2207
-2,38,modified,5562
1,38,real,2927
-2,38,modified,5540
2,38,modified,5427
1,38,modified,5620
-1,38,modified,5604
-2,38,real,1398
-1,38,real,2750
1,38,real,1503
-2,38,modified,5436
-1,38,real,1107
-2,38,real,2453
1,38,real,99
-1,38,modified,5644
-1,38,modified,5605
-2,38,modified,5596
-2,38,real,2542
-1,38,real,1134
1,38,real,2863
1,38,real,1332
-1,38,modified,5440
-2,38,modified,5607
-2,38,modified,5641
-1,38,real,2451
2,38,modified,5434
-2,38,real,1618
-2,38,real,952
2,38,real,1627
2,38,real,2654
1,38,modified,5487
1,38,modified,5560
-2,38,real,2035
-2,38,real,1009
1,38,real,877
-2,38,modified,5637
-1,38,modified,5603
-2,38,modified,5454
-2,38,real,2878
-2,38,real,1846
-2,38,modified,5491
1,38,modified,5573
2,38,real,66
-2,38,modified,5479
-1,38,real,1177
-1,38,real,383
2,38,real,560
-1,38,modified,5587
-1,38,real,2119
1,38,real,1744
-2,38,modified,5424
-2,38,modified,5459
2,38,modified,5437
1,39,modified,5542
-1,39,real,2712
-2,39,real,256
0,39,modified,5431
-1,39,modified,5544
1,39,real,2204
-2,39,real,2633
0,39,modified,5513
1,39,real,989
1,39,modified,5512
-1,39,modified,5594
0,39,modified,5596
-1,39,modified,5439
1,39,modified,5591
1,39,real,121
-1,39,real,1706
1,39,real,2269
-1,39,modified,5479
2,39,real,871
1,39,real,2056
0,39,modified,5626
-1,39,modified,5556
0,39,modified,5633
-1,39,modified,5446
1,39,modified,5454
1,39,modified,5608
1,39,real,2423
-1,39,modified,5496
1,39,real,159
1,39,real,1719
0,39,modified,5418
1,39,modified,5497
-1,39,real,1751
1,39,real,174
1,39,real,203
-1,39,real,2926
-2,39,modified,5652
-2,39,real,1053
1,39,real,2241
1,39,real,839
-1,39,modified,5464
-1,39,real,1648
-1,39,modified,5477
0,39,real,1000
1,39,real,2849
-1,39,modified,5603
0,39,real,551
-1,39,modified,5445
-1,39,modified,5562
1,39,real,2537
1,39,real,2053
-1,39,modified,5422
1,39,real,1028
1,39,real,2506
1,39,real,2801
0,39,modified,5650
1,39,real,136
-1,39,modified,5523
1,39,real,1926
1,39,real,2543
2,39,real,2386
0,39,modified,5417
-1,39,modified,5437
1,39,real,1793
-2,39,modified,5468
-1,39,modified,5632
1,39,real,2931
-1,39,modified,5622
1,39,modified,5505
0,39,modified,5615
-1,39,modified,5624
1,39,modified,5502
0,39,modified,5471
1,39,real,192
-1,39,modified,5641
-2,39,modified,5527
-1,39,modified,5507
1,39,real,2259
1,39,real,2903
-1,39,modified,5493
1,39,real,272
0,39,real,252
1,39,real,2152
0,39,modified,5414
1,39,real,1049
0,39,modified,5426
1,39,real,2024
1,39,real,229
1,39,modified,5588
-1,39,real,1963
-2,39,real,2679
1,39,real,666
-1,39,modified,5607
1,39,modified,5590
0,39,modified,5564
-1,39,modified,5636
1,39,real,1693
1,39,real,2158
1,39,real,2160
0,39,modified,5638
2,40,real,2478
-2,40,modified,5572
-2,40,real,1734
-2,40,real,1270
-1,40,modified,5446
2,40,real,2704
-2,40,real,671
2,40,real,1758
2,40,real,790
2,40,real,2860
-1,40,modified,5538
2,40,real,2558
2,40,modified,5610
2,40,modified,5625
0,40,modified,5448
2,40,modified,5459
-2,40,modified,5574
2,40,real,1527
2,40,modified,5635
0,40,real,1994
2,40,modified,5639
2,40,modified,5519
2,40,modified,5631
2,40,real,2234
2,40,real,1202
2,40,real,1605
-2,40,real,2492
-2,40,modified,5513
2,40,real,1806
2,40,modified,5465
-2,40,modified,5442
2,40,modified,5605
2,40,real,1451
2,40,modified,5630
2,40,modified,5587
2,40,real,2340
2,40,modified,5535
-2,40,modified,5616
2,40,modified,5427
2,40,real,341
2,40,modified,5586
2,40,real,2016
0,40,modified,5445
-2,40,real,1472
2,40,modified,5553
2,40,real,1416
2,40,real,1418
0,40,modified,5565
-1,40,modified,5546
0,40,modified,5466
2,40,real,1948
2,40,modified,5468
2,40,real,1917
2,40,modified,5550
2,40,real,1421
-2,40,modified,5548
0,40,modified,5497
0,40,modified,5508
1,40,modified,5475
2,40,real,1956
-1,40,modified,5531
0,40,real,2392
1,40,real,81
-2,40,real,1298
-2,40,modified,5644
0,40,modified,5430
1,40,real,1218
0,40,real,2950
2,40,real,2458
0,40,modified,5512
-2,40,modified,5539
-2,40,real,528
-2,40,modified,5576
2,40,real,2471
2,40,real,2729
2,40,real,1024
2,40,real,160
-2,40,modified,5536
0,40,real,261
1,40,modified,5416
0,40,modified,5653
-2,40,modified,5637
2,40,real,2407
2,40,real,2371
2,40,modified,5598
2,40,real,213
2,40,real,692
1,40,modified,5612
-2,40,modified,5478
0,40,modified,5429
-1,40,real,1881
1,40,real,182
2,40,real,2124
-2,40,real,74
-1,40,modified,5470
0,40,modified,5622
-2,40,modified,5594
-2,40,real,701
-2,40,real,119
1,40,real,2345
1,41,real,2109
-2,41,real,759
-2,41,real,2771
1,41,modified,5456
-2,41,modified,5593
-1,41,modified,5638
1,41,real,1113
-1,41,modified,5542
-2,41,modified,5629
1,41,modified,5529
-2,41,real,350
-1,41,modified,5564
-1,41,modified,5568
-2,41,modified,5628
-2,41,modified,5458
1,41,real,2031
2,41,modified,5558
2,41,real,1571
1,41,real,1817
2,41,real,2537
2,41,real,2058
2,41,real,2598
2,41,real,980
-1,41,modified,5622
-1,41,real,2263
-1,41,real,1913
1,41,modified,5641
-1,41,modified,5626
2,41,real,1529
1,41,real,1395
1,41,real,1861
1,41,real,2942
-2,41,modified,5556
-2,41,modified,5436
-2,41,modified,5441
2,41,real,2072
-2,41,modified,5541
2,41,real,2360
1,41,real,1703
-1,41,modified,5579
-1,41,modified,5481
2,41,real,1398
-1,41,real,259
2,41,real,788
-2,41,modified,5432
-2,41,modified,5527
2,41,real,2344
-2,41,modified,5565
1,41,modified,5427
-1,41,real,444
2,41,real,539
2,41,real,388
-2,41,modified,5469
1,41,modified,5451
-1,41,real,958
1,41,real,113
-2,41,modified,5414
-2,41,real,1697
1,41,modified,5607
2,41,real,430
1,41,modified,5519
1,41,modified,5447
1,41,real,651
1,41,modified,5472
2,41,real,2094
2,41,real,471
-1,41,modified,5646
2,41,real,935
2,41,real,2777
-1,41,modified,5602
-2,41,modified,5634
1,41,modified,5577
-1,41,modified,5499
1,41,modified,5613
1,41,real,726
-1,41,modified,5434
-1,41,modified,5462
1,41,real,1958
2,41,real,1635
-2,41,modified,5522
-1,41,modified,5488
1,41,real,2832
2,41,real,1755
-2,41,modified,5491
2,41,real,776
2,41,real,1014
2,41,real,1497
2,41,real,399
2,41,real,1030
2,41,real,1502
-1,41,modified,5563
2,41,real,2230
-2,41,modified,5612
1,41,modified,5483
-2,41,modified,5598
-2,41,modified,5540
-2,41,modified,5584
-1,41,modified,5605
-2,41,modified,5497
2,41,real,278
2,42,real,2415
1,42,modified,5533
0,42,modified,5646
2,42,real,1281
1,42,real,2826
2,42,real,1502
-1,42,real,822
1,42,real,1470
1,42,modified,5444
1,42,modified,5549
1,42,modified,5513
2,42,modified,5475
1,42,modified,5424
2,42,real,1031
-1,42,modified,5433
1,42,modified,5467
1,42,real,2181
-2,42,real,2725
1,42,real,200
1,42,modified,5550
2,42,real,648
1,42,real,2630
1,42,modified,5561
-1,42,modified,5487
1,42,real,709
1,42,modified,5468
2,42,modified,5632
1,42,real,245
1,42,real,2361
-1,42,modified,5627
-2,42,modified,5544
1,42,modified,5543
1,42,modified,5458
2,42,real,813
-1,42,modified,5428
1,42,real,1004
2,42,modified,5638
1,42,real,1468
2,42,real,892
1,42,modified,5530
2,42,real,731
1,42,real,2030
1,42,modified,5645
-1,42,modified,5524
1,42,real,899
1,42,real,1073
2,42,real,1976
2,42,real,1454
-1,42,modified,5588
1,42,modified,5579
1,42,modified,5629
1,42,modified,5585
1,42,modified,5507
2,42,modified,5477
1,42,modified,5536
2,42,real,1855
2,42,real,1371
-1,42,real,2125
-2,42,modified,5589
1,42,modified,5628
2,42,real,793
1,42,real,1294
1,42,real,1613
2,42,real,2761
1,42,real,1734
-2,42,modified,5446
1,42,real,1669
1,42,modified,5429
2,42,real,2410
1,42,modified,5415
2,42,modified,5498
-1,42,real,2233
-2,42,real,2732
1,42,modified,5523
2,42,modified,5494
1,42,real,1529
2,42,real,1798
1,42,real,2139
2,42,real,393
1,42,modified,5518
1,42,modified,5532
2,42,real,2195
2,42,real,2201
1,42,modified,5631
2,42,modified,5611
1,42,real,1928
1,42,real,136
2,42,real,376
0,42,real,2623
1,42,modified,5637
2,42,modified,5639
-1,42,modified,5578
1,42,modified,5603
1,42,real,675
1,42,modified,5422
2,42,modified,5515
1,42,real,161
1,42,modified,5553
2,42,modified,5568
1,42,real,1258
1,43,real,2065
1,43,modified,5435
1,43,real,1898
2,43,real,476
2,43,modified,5455
-2,43,real,2312
0,43,modified,5533
1,43,modified,5504
-2,43,real,981
1,43,modified,5480
2,43,real,662
1,43,modified,5456
1,43,modified,5612
-1,43,modified,5476
-1,43,real,45
-2,43,real,399
1,43,modified,5585
2,43,real,2562
2,43,real,2583
1,43,modified,5568
-1,43,modified,5609
2,43,real,1415
2,43,modified,5467
1,43,modified,5639
2,43,real,2320
-2,43,real,963
2,43,real,2691
-2,43,modified,5616
-2,43,modified,5546
-1,43,real,867
1,43,real,1883
-2,43,modified,5559
-1,43,modified,5636
1,43,real,48
2,43,real,1704
2,43,real,1960
-1,43,modified,5528
-2,43,modified,5551
1,43,modified,5577
1,43,real,402
1,43,modified,5611
1,43,modified,5490
2,43,modified,5488
1,43,modified,5498
1,43,modified,5618
-2,43,modified,5510
1,43,real,1249
1,43,modified,5578
1,43,real,1016
1,43,real,1042
2,43,modified,5538
-2,43,real,1682
-1,43,modified,5613
-2,43,modified,5466
-2,43,modified,5649
-1,43,real,190
-2,43,modified,5590
1,43,modified,5481
-2,43,real,2288
-2,43,modified,5567
1,43,real,2178
-2,43,real,387
-2,43,modified,5458
1,43,real,849
-2,43,real,2061
1,43,modified,5516
2,43,real,2127
-2,43,real,2679
1,43,real,1979
-2,43,real,497
1,43,real,1418
-2,43,real,1554
1,43,real,1763
-2,43,modified,5540
1,43,real,1792
0,43,modified,5653
-2,43,modified,5633
2,43,real,470
1,43,modified,5439
-2,43,real,2168
1,43,real,700
-2,43,modified,5562
-2,43,real,2430
0,43,modified,5579
2,43,real,2650
2,43,real,2451
-2,43,modified,5471
-2,43,real,876
-1,43,modified,5626
1,43,real,1829
-2,43,modified,5503
2,43,real,1677
1,43,real,1911
2,43,real,1730
-1,43,modified,5583
-2,43,modified,5623
-1,43,modified,5461
-1,43,modified,5545
-1,43,modified,5482
2,43,real,779
1,44,modified,5447
1,44,real,1353
-2,44,modified,5634
-1,44,real,1795
2,44,real,1805
1,44,real,2231
1,44,real,1729
2,44,modified,5643
1,44,modified,5569
-1,44,modified,5568
2,44,real,1870
1,44,modified,5588
0,44,real,2143
1,44,modified,5475
1,44,real,823
2,44,modified,5621
1,44,real,529
-1,44,real,2835
1,44,real,2950
2,44,modified,5502
-2,44,modified,5546
1,44,modified,5608
1,44,real,2677
1,44,modified,5571
1,44,modified,5613
2,44,modified,5565
1,44,real,2514
1,44,modified,5576
1,44,modified,5477
1,44,real,2148
1,44,modified,5563
0,44,modified,5516
1,44,real,717
1,44,modified,5428
1,44,real,2715
-1,44,modified,5493
-2,44,modified,5480
2,44,real,1207
1,44,modified,5602
1,44,modified,5551
1,44,real,2863
2,44,modified,5560
1,44,modified,5432
1,44,modified,5461
-2,44,real,1590
-1,44,real,759
1,44,modified,5522
-2,44,real,1002
1,44,real,1707
1,44,real,2319
2,44,modified,5581
1,44,real,2105
-2,44,modified,5566
1,44,real,2729
1,44,modified,5519
1,44,real,2522
1,44,real,2442
2,44,modified,5624
1,44,modified,5642
1,44,modified,5515
2,44,real,1598
1,44,modified,5561
1,44,modified,5513
1,44,real,1360
-2,44,real,880
-1,44,real,2946
1,44,real,716
1,44,real,101
2,44,modified,5548
2,44,real,2260
-2,44,real,2776
1,44,real,1954
1,44,real,752
-1,44,real,1011
1,44,modified,5585
2,44,modified,5650
-1,44,real,865
1,44,modified,5486
2,44,real,73
0,44,real,1127
-1,44,modified,5552
1,44,real,944
2,44,modified,5427
1,44,real,2029
1,44,real,2704
2,44,real,1026
-1,44,real,1527
-2,44,modified,5449
1,44,modified,5632
1,44,modified,5415
2,44,real,1095
1,44,real,385
1,44,modified,5470
1,44,modified,5467
1,44,modified,5498
2,44,real,748
1,44,real,2060
-1,44,modified,5433
-1,44,modified,5485
1,44,modified,5533
-1,45,real,2146
-1,45,modified,5578
1,45,real,763
1,45,modified,5484
1,45,real,2738
-1,45,real,1153
1,45,real,517
-1,45,modified,5583
1,45,real,659
1,45,real,2750
-1,45,real,2622
1,45,modified,5553
-1,45,modified,5516
1,45,modified,5588
-1,45,real,2280
1,45,real,540
-1,45,modified,5442
-2,45,real,2587
-1,45,modified,5483
-1,45,real,969
-1,45,modified,5598
-2,45,modified,5590
-2,45,modified,5649
1,45,real,1277
-2,45,modified,5517
-2,45,modified,5520
1,45,real,2220
-2,45,modified,5480
-1,45,modified,5579
-1,45,modified,5646
1,45,modified,5550
-1,45,real,1911
1,45,real,2224
-1,45,real,2515
1,45,real,1565
-1,45,real,1264
-1,45,real,329
1,45,real,38
1,45,modified,5581
1,45,modified,5472
-1,45,real,145
1,45,modified,5439
-2,45,real,2779
-1,45,real,2254
-1,45,modified,5510
-1,45,modified,5425
-1,45,modified,5416
1,45,real,1084
-1,45,modified,5534
-1,45,modified,5625
1,45,real,1129
-1,45,modified,5504
-1,45,modified,5585
-2,45,modified,5522
1,45,modified,5529
-1,45,real,1304
1,45,real,1095
-1,45,real,846
1,45,real,2491
-1,45,real,96
1,45,modified,5652
-1,45,modified,5632
-1,45,modified,5455
1,45,real,470
-1,45,modified,5511
1,45,real,785
-1,45,real,39
-1,45,real,2160
1,45,real,1759
-1,45,real,1525
1,45,real,1527
1,45,real,1717
-1,45,modified,5623
-1,45,modified,5443
1,45,real,1408
1,45,real,1568
1,45,real,2905
1,45,modified,5452
1,45,modified,5631
-2,45,modified,5446
1,45,real,567
1,45,real,26
-1,45,modified,5561
1,45,real,2201
-1,45,real,1914
-2,45,real,2732
1,45,modified,5530
-2,45,real,2011
1,45,modified,5533
-1,45,modified,5618
1,45,modified,5537
-1,45,modified,5605
-2,45,modified,5423
-2,45,modified,5612
-1,45,modified,5453
-1,45,modified,5540
1,45,real,2739
-1,45,real,1133
-1,45,modified,5467
-1,45,modified,5415
1,46,modified,5484
-1,46,real,1532
1,46,modified,5439
0,46,modified,5503
1,46,modified,5451
2,46,real,824
-2,46,modified,5592
-1,46,modified,5467
2,46,modified,5571
2,46,real,1424
2,46,real,1036
1,46,real,595
2,46,real,1967
-2,46,real,2815
-1,46,modified,5565
1,46,real,245
-2,46,modified,5598
-2,46,modified,5497
-2,46,modified,5436
2,46,real,1094
2,46,real,1599
1,46,modified,5488
-2,46,real,1593
2,46,real,1747
-1,46,modified,5543
1,46,modified,5516
-2,46,modified,5606
-2,46,modified,5471
2,46,real,767
-1,46,modified,5579
1,46,modified,5628
2,46,real,2654
2,46,real,173
-1,46,real,446
1,46,modified,5619
-1,46,real,2021
-1,46,real,1437
2,46,real,1563
2,46,modified,5418
1,46,modified,5453
2,46,real,568
1,46,real,92
2,46,modified,5631
2,46,real,2937
2,46,real,2223
1,46,modified,5500
2,46,real,766
2,46,real,507
2,46,real,2319
-2,46,modified,5626
-2,46,real,393
2,46,real,2019
-2,46,modified,5494
-2,46,modified,5549
-1,46,real,1604
2,46,modified,5420
2,46,real,2858
-2,46,modified,5446
-2,46,modified,5547
2,46,real,810
-1,46,modified,5548
2,46,real,1624
2,46,real,1869
-2,46,real,2614
2,46,modified,5556
-1,46,real,2212
2,46,real,2535
-2,46,modified,5458
-1,46,modified,5501
1,46,modified,5473
1,46,real,1440
-2,46,modified,5546
2,46,real,585
2,46,real,2961
-2,46,real,1516
-1,46,modified,5414
-2,46,modified,5445
1,46,real,2962
-2,46,modified,5566
-2,46,modified,5589
2,46,real,1988
2,46,real,1147
-1,46,modified,5607
-2,46,modified,5616
2,46,real,656
0,46,modified,5425
1,46,modified,5466
1,46,modified,5435
2,46,real,676
-2,46,modified,5540
2,46,real,2317
1,46,modified,5596
1,46,real,2265
1,46,modified,5638
-1,46,modified,5450
-1,46,modified,5492
-2,46,real,1782
-2,46,real,988
1,46,real,1448
-1,46,modified,5646
0,47,modified,5588
1,47,real,2232
0,47,modified,5604
1,47,modified,5537
1,47,real,1904
0,47,modified,5605
-1,47,real,1307
1,47,real,190
1,47,real,1317
-2,47,real,1726
1,47,modified,5627
-2,47,modified,5634
1,47,real,2161
-2,47,real,2866
1,47,real,920
-2,47,modified,5569
-1,47,modified,5455
1,47,real,2091
-2,47,modified,5555
-2,47,modified,5464
0,47,real,1525
-2,47,real,1396
0,47,real,2679
1,47,real,1075
0,47,modified,5416
-2,47,modified,5496
-2,47,real,1720
1,47,modified,5439
1,47,real,512
1,47,modified,5474
1,47,real,2443
-2,47,modified,5554
-2,47,modified,5621
1,47,real,1316
-2,47,modified,5446
1,47,real,1972
1,47,real,162
1,47,real,72
-2,47,modified,5414
1,47,modified,5571
-1,47,modified,5418
1,47,real,691
-2,47,modified,5641
-2,47,real,1284
-2,47,modified,5499
-2,47,modified,5525
1,47,real,363
-1,47,real,1175
-2,47,modified,5620
-2,47,modified,5562
1,47,real,2556
-2,47,real,2817
1,47,real,847
1,47,real,2393
-2,47,modified,5432
-2,47,modified,5517
0,47,modified,5479
-1,47,real,525
1,47,real,2948
1,47,modified,5651
1,47,modified,5654
0,47,real,1177
-2,47,modified,5565
-2,47,modified,5456
-2,47,modified,5440
-1,47,real,2955
-1,47,modified,5643
-2,47,modified,5458
1,47,real,771
1,47,modified,5583
-1,47,real,226
0,47,modified,5503
-1,47,real,510
-2,47,modified,5617
-1,47,modified,5459
1,47,real,882
-2,47,modified,5587
-2,47,modified,5628
1,47,real,548
0,47,real,157
-2,47,modified,5442
1,47,real,2535
-1,47,real,1379
0,47,real,474
-2,47,modified,5530
-1,47,modified,5568
1,47,real,2045
0,47,real,2521
1,47,real,1692
-2,47,real,2554
-2,47,modified,5482
-1,47,real,178
0,47,modified,5638
1,47,real,1134
-1,47,modified,5453
-1,47,modified,5533
-2,47,modified,5444
-1,47,real,2381
1,47,real,909
-2,47,modified,5646
2,48,real,1664
0,48,real,380
1,48,real,1141
2,48,real,1985
0,48,modified,5569
-1,48,modified,5520
-1,48,modified,5435
-1,48,real,302
2,48,real,2215
1,48,modified,5537
2,48,real,2377
2,48,real,1734
-1,48,modified,5594
2,48,real,261
2,48,real,1572
-1,48,modified,5538
2,48,real,1785
-2,48,modified,5593
-2,48,modified,5595
-2,48,modified,5482
2,48,real,829
2,48,real,2918
2,48,real,1671
-1,48,modified,5448
-1,48,modified,5423
2,48,modified,5586
-2,48,modified,5581
0,48,modified,5583
-1,48,real,1312
2,48,real,1300
-1,48,modified,5604
-1,48,modified,5430
2,48,real,2762
2,48,real,1154
2,48,real,2782
2,48,modified,5496
-2,48,modified,5653
0,48,modified,5605
1,48,modified,5599
2,48,real,2223
2,48,real,778
2,48,real,579
0,48,modified,5555
0,48,modified,5558
0,48,modified,5592
1,48,modified,5497
2,48,real,1596
-1,48,modified,5527
2,48,real,582
0,48,real,1665
-2,48,modified,5606
-2,48,modified,5541
2,48,real,1073
2,48,modified,5575
0,48,real,390
1,48,real,1097
-2,48,modified,5547
-1,48,real,686
2,48,real,613
-2,48,modified,5433
2,48,real,761
1,48,modified,5631
2,48,real,820
2,48,real,2284
-1,48,modified,5512
2,48,real,416
-1,48,real,2417
0,48,real,2558
-2,48,real,2826
-1,48,modified,5420
-1,48,real,2541
-1,48,modified,5499
0,48,modified,5456
2,48,real,1416
2,48,real,1152
-1,48,modified,5585
-1,48,modified,5447
-2,48,real,323
-2,48,modified,5446
2,48,real,1800
-1,48,modified,5467
-2,48,modified,5445
-2,48,modified,5654
-2,48,real,1991
-2,48,real,2303
0,48,real,2133
2,48,real,1251
0,48,real,2396
-1,48,modified,5565
-2,48,modified,5545
-2,48,modified,5560
-2,48,modified,5633
-2,48,real,88
-2,48,modified,5491
-2,48,modified,5587
2,48,modified,5615
2,48,real,2591
0,48,modified,5428
2,48,real,600
0,48,modified,5535
2,49,real,2150
-2,49,modified,5507
1,49,real,1837
-2,49,modified,5470
-2,49,modified,5609
-1,49,modified,5568
-1,49,real,2242
-1,49,modified,5526
1,49,real,2409
2,49,real,2151
-1,49,real,2038
-1,49,real,1721
1,49,real,1702
-2,49,modified,5427
-1,49,modified,5494
-1,49,real,2867
-1,49,real,1860
1,49,real,1578
1,49,modified,5505
-1,49,real,1331
-2,49,modified,5500
1,49,real,2280
1,49,real,1007
2,49,real,2030
-2,49,modified,5461
2,49,real,708
-1,49,modified,5601
-2,49,modified,5442
2,49,real,1635
1,49,real,2870
2,49,real,524
1,49,real,2756
-2,49,modified,5555
-2,49,modified,5646
-2,49,modified,5499
-1,49,real,400
-1,49,modified,5545
-2,49,modified,5650
-2,49,modified,5596
-1,49,real,2571
-2,49,modified,5443
1,49,real,1705
1,49,real,1170
-2,49,modified,5436
1,49,modified,5638
-1,49,modified,5460
-2,49,modified,5614
2,49,real,827
-2,49,real,690
-2,49,modified,5594
-1,49,modified,5600
-1,49,real,2952
1,49,real,2349
-1,49,modified,5530
1,49,real,2518
1,49,real,1496
1,49,real,2881
2,49,real,1955
-2,49,modified,5536
-2,49,modified,5647
-1,49,modified,5617
2,49,real,469
-2,49,modified,5510
1,49,real,1440
1,49,real,216
-1,49,modified,5591
1,49,modified,5463
2,49,real,2269
-2,49,modified,5623
1,49,real,1922
-2,49,modified,5481
-1,49,modified,5517
-1,49,modified,5640
-1,49,modified,5448
1,49,real,2072
-1,49,modified,5642
1,49,real,2951
-1,49,real,2005
-1,49,modified,5537
-2,49,modified,5560
1,49,real,1222
1,49,real,2357
-2,49,modified,5632
-2,49,modified,5524
-2,49,real,1027
-2,49,modified,5645
2,49,real,2743
1,49,modified,5501
1,49,modified,5571
1,49,real,271
1,49,real,510
-2,49,modified,5513
-2,49,modified,5447
1,49,real,1231
-1,49,modified,5599
2,49,real,460
1,49,real,1455
-1,49,modified,5547
2,49,real,1420
-1,49,modified,5559
1,50,real,2210
-1,50,real,184
1,50,real,2433
1,50,real,447
1,50,modified,5471
2,50,modified,5645
-1,50,modified,5438
1,50,modified,5443
2,50,real,897
-1,50,real,1001
1,50,real,2675
-2,50,modified,5557
1,50,real,1645
-1,50,modified,5526
-1,50,real,287
-1,50,modified,5420
1,50,real,2658
-1,50,real,494
1,50,real,2699
1,50,real,464
1,50,real,2664
1,50,modified,5478
-2,50,modified,5630
2,50,real,42
1,50,real,1134
2,50,modified,5472
2,50,modified,5484
2,50,modified,5513
1,50,modified,5575
2,50,real,331
-1,50,modified,5618
1,50,modified,5559
1,50,modified,5528
1,50,real,2511
-1,50,modified,5501
1,50,real,2542
1,50,modified,5577
1,50,real,1254
-1,50,real,818
2,50,real,2255
1,50,modified,5539
-2,50,modified,5603
1,50,real,993
-2,50,modified,5489
2,50,real,1806
1,50,real,2601
1,50,real,2620
-1,50,modified,5604
1,50,modified,5609
-2,50,modified,5488
-1,50,modified,5565
-2,50,real,1414
-1,50,modified,5531
2,50,real,417
2,50,real,2512
-2,50,modified,5524
1,50,real,2500
-1,50,modified,5628
-2,50,modified,5652
1,50,modified,5415
1,50,modified,5427
2,50,real,463
-1,50,modified,5587
-1,50,modified,5567
-1,50,real,912
-2,50,real,245
2,50,real,612
-2,50,real,322
-2,50,real,2808
1,50,real,1447
1,50,real,355
2,50,modified,5599
2,50,modified,5504
1,50,modified,5580
1,50,modified,5519
2,50,real,2077
-1,50,modified,5544
-1,50,modified,5554
1,50,real,2086
-2,50,real,1841
1,50,real,1683
1,50,modified,5573
-2,50,modified,5570
-2,50,modified,5591
1,50,modified,5440
1,50,real,682
1,50,real,2631
1,50,real,1613
2,50,modified,5545
1,50,modified,5467
-1,50,modified,5433
2,50,real,862
-2,50,real,2540
1,50,modified,5466
1,50,modified,5588
1,50,real,1543
1,50,real,1843
-2,50,modified,5589
-2,50,modified,5462
1,50,real,2518
